Celeste Pollich Airport,Mucumpiz,Venezuela,ZFRG,QEC
Inge Wuckert Airport,Nova Varoš,Serbia,BKSW,NCH
Florentino Dietrich Airport,Hägersten,Sweden,LGJN,CFB
Rhett Crooks Airport,Ballsh,Albania,AVJH,SQX
Patria Quitzon Airport,Lamía,Greece,RHPI,HPI
Jeffery Moore Airport,San Angelo,United States,FDSH,VZF
Bobbie Bogan Airport,Naples,United States,VRMC,PKS
Tu Lind Airport,Xinbao,China,NWOV,JLE
Twanna Schneider Airport,Bello,Colombia,VUQX,IRX
Shaun Rutherford Airport,Sukorejo,Indonesia,AFTR,STF
Brian Kunze Airport,Pyu,Myanmar,QETJ,CES
Titus Ferry Airport,Banyubang,Indonesia,GLQN,OTN
Willis Mayer Airport,Calachuchi,Philippines,IJGF,PHU
Kellye Wolff Airport,Călăraşi,Moldova,VUWH,YOH
Marlen Prohaska Airport,Bayan Uula Sumu,Mongolia,CWET,GSL
Vanda Raynor Airport,Cikarang,Indonesia,OEXC,MGL
Vernon Wilderman Airport,Caicó,Brazil,ZVQB,VGS
Sammie Terry Airport,New York City,United States,RGQI,ARH
Celena Willms Airport,Calaba,Philippines,ILDX,PXE
Monte Wisoky Airport,Lodja,Democratic Republic of the Congo,RJKQ,QDN
Magnolia Howe Airport,Mende,France,CIJS,NPX
Loria Schumm Airport,Lens,France,SNFH,BLF
Arlie Gislason Airport,Ríohacha,Colombia,LSDH,ZVM
Jeanie Bauch Airport,Lincuo,China,GMZD,MPZ
Jadwiga Heller Airport,Il’ichëvo,Russia,IGQV,YGJ
Marylou Kohler Airport,Quchomo,China,QWHI,FML
Fidel Hegmann Airport,Shangshaleng,China,YWQA,SKW
Janet Upton Airport,Vysotskoye,Russia,AMUV,PGT
Krystina Labadie Airport,Krasnoye,Russia,MVGJ,XVZ
Larue Price Airport,Zopilotepe,Honduras,YSTG,NMK
Calvin Roberts Airport,Ulaan Khat,Mongolia,SAFE,GRQ
Santiago Walker Airport,Weishui,China,AIJX,XMB
Modesta Klocko Airport,Gävle,Sweden,WUSR,CUK
Gwen Lind Airport,Kuzhorskaya,Russia,JVSD,FVH
Dane Waelchi Airport,Kęty,Poland,LQXB,PVA
Ruth Ortiz Airport,Mariestad,Sweden,PJYF,JIO
Dorsey Watsica Airport,Tsaghkaber,Armenia,KFDY,UCY
Elvis Thiel Airport,Zhangjiapan,China,VEIY,CGY
Earl Cole Airport,Dengmu,China,GEQY,DGB
Paris Wilkinson Airport,Sophia Antipolis,France,FSDH,YLA
Jude Kiehn Airport,Matriz de Camaragibe,Brazil,VEPC,UJF
Isidro Senger Airport,Cueto,Cuba,QMPL,CKS
Marquis Padberg Airport,Mingyu,China,DYQI,RXZ
Lou Rath Airport,Cáchira,Colombia,CALP,TDH
Giuseppe Cartwright Airport,Purificación,Colombia,DAJE,TFG
Erica VonRueden Airport,Paine,Chile,HVEG,EFH
Delsie Turcotte Airport,Chile Chico,Chile,ETHF,GHV
Velda Schroeder Airport,Všetaty,Czech Republic,OXPQ,MLC
Matthew Ferry Airport,Ajaccio,France,YMXR,BQD
Kia Littel Airport,Jubaoshan,China,UILE,IOH
Alvera Runte Airport,Wiwilí,Nicaragua,PQYS,WMI
Hedy Mills Airport,Humaitá,Brazil,LRQD,CJL
Josh Bernier Airport,Marco de Canaveses,Portugal,OYKP,MGP
Nita Hilpert Airport,Jiangtou,China,ABVL,FNM
Claude Koss Airport,Aurora,Philippines,FRBT,ZAM
Thanh Little Airport,Bancal,Philippines,KNCX,ODL
Kayleen Schoen Airport,Fufang,China,PNHY,PBT
Andre Flatley Airport,Serra,Portugal,TNXA,DUL
Sanjuanita O'Hara Airport,Salon-de-Provence,France,SGXO,UAP
Blake Wilkinson Airport,Jiangguanchi,China,JEKR,JCZ
Ellsworth Johns Airport,Kobryn,Belarus,JWRA,YJC
Suzi Nader Airport,Padina,Serbia,HPWJ,DWC
Particia Adams Airport,Silongin,Philippines,SITO,TEF
Myong Zulauf Airport,Kolonia Town,Micronesia,VCXD,KFG
Grady Rowe Airport,Petropavlovsk,Kazakhstan,WYHC,EUI
Noe Stokes Airport,Registro,Brazil,BKOE,NRZ
Jefferey Feest Airport,Örebro,Sweden,DCUV,FPR
Elida Hermann Airport,Randuagung,Indonesia,RVTC,HCM
Catarina Runte Airport,Yidao,China,HIQB,MWA
Nathanael Pollich Airport,Trompsburg,South Africa,AXMZ,MTW
Elmo Maggio Airport,Pingshan,China,KSBW,UYA
Cherryl Bruen Airport,Beberibe,Brazil,DPAO,KUZ
Kira Hermann Airport,San Roque,Argentina,QBJY,HSR
Danille Jacobson Airport,Sarandi,Brazil,YHDI,BXH
Willis Keeling Airport,Jatisari,Indonesia,LDIF,HND
Cassie Weimann Airport,Pukou,China,KXUZ,XAO
Ryan Brakus Airport,Lujiao,China,RZYN,RPL
Pamula Hackett Airport,Somerset East,South Africa,PROX,SVT
Elisha O'Conner Airport,Nickby,Finland,VEIM,ALO
Melodi Gerhold Airport,Kuntong,China,UACD,UAK
Hortensia Jacobi Airport,Abengourou,Ivory Coast,UDES,GIY
Jerald O'Keefe Airport,Akhtarīn,Syria,GJZA,IGL
Ira Gleason Airport,Batibati,Indonesia,COJU,MEC
Clyde Schaden Airport,Balauring,Indonesia,QBEF,XIY
Sammie Torp Airport,Bayuwan,Indonesia,VHKX,HNS
Arturo Kulas Airport,Krasnogvardeyets,Russia,PQFC,LEQ
Gavin Kertzmann Airport,Glatik,Indonesia,HJDB,RXI
Taylor Shanahan Airport,Besao,Philippines,TKUB,OLG
Carolyn Murray Airport,Djibouti,Djibouti,BDTY,GJX
Paula Hayes Airport,Fukuchiyama,Japan,ZWFD,CBO
Maria Funk Airport,Kanda,Japan,FKJH,CRD
Dean Cummerata Airport,Jām Sāhib,Pakistan,BHES,WLI
Asia Hayes Airport,Zhonggongmiao,China,JCEO,DHU
Omer Sanford Airport,Balatero,Philippines,DKYN,TNC
Chia Kirlin Airport,Vitoria-Gasteiz,Spain,INDP,VSG
Jere Walsh Airport,Páno Polemídia,Cyprus,MSIY,VXR
Gertrud Gerhold Airport,Kokkónion,Greece,NEKM,OLW
Simon Herman Airport,El Adelanto,Guatemala,JIZA,YTZ
Clayton Lebsack Airport,Gongxi,China,ZDPO,HXA
Lashawna Rice Airport,Donskoye,Russia,ADXB,MIC
Elton Lemke Airport,Dezhou,China,QXLF,ZVC
Tamika Welch Airport,Salwá,Kuwait,WZBD,QLO
Emory Fay Airport,Dampek,Indonesia,VFRY,JYM
Magaly Kuhlman Airport,Peruc,Czech Republic,BZUS,LEJ
Ollie Keeling Airport,Obernai,France,OBSF,KVP
Charles Glover Airport,Luchenza,Malawi,JGDH,XZC
Horacio Hirthe Airport,Bibiani,Ghana,ZYNK,BFZ
Loreen Murphy Airport,Palanas,Philippines,WZIC,OUK
Carter Schinner Airport,Oliveira de Baixo,Portugal,BUZQ,SIY
Shaun Swift Airport,Diré,Mali,MFYR,WKM
Lyle Dickens Airport,Glugur Krajan,Indonesia,FIEU,QIJ
Galen Nikolaus Airport,Frederiksberg,Denmark,RTLH,RWS
Janette Thiel Airport,João Câmara,Brazil,POBW,CRH
Parker Willms Airport,Daduo,China,WRHN,PGT
Glenn Padberg Airport,Muñoz East,Philippines,AWFH,FEK
Stevie Dickinson Airport,Vyaz’ma,Russia,IVHL,GMJ
Kia Lang Airport,Créteil,France,WGFP,PTL
Nicky Casper Airport,Randudongkal,Indonesia,OUFC,OHJ
Ricarda Hane Airport,Hengjie,China,CDVF,MKZ
Noe Rice Airport,Извор,Macedonia,FSAV,WZG
Leopoldo Ondricka Airport,Cheyenne,United States,EZUB,SHG
Darlene Jones Airport,Elefsína,Greece,WUNO,FKX
Sina Boyer Airport,Huaranchal,Peru,LWGJ,KUT
Velma Johnson Airport,Byera Village,Saint Vincent and the Grenadines,EYIT,BVE
Telma Torphy Airport,Estância Velha,Brazil,POZC,LIW
Vivian Boyer Airport,Várzea,Portugal,VRQE,VFR
Tanja Johns Airport,Detroit,United States,TINQ,HWP
Philomena Padberg Airport,Zvole,Czech Republic,ZPJY,YSU
Ismael Cremin Airport,Philadelphia,United States,UBPG,BMV
Horacio Hodkiewicz Airport,Sumber,Indonesia,COVY,PHA
Evan Haag Airport,Sagrada Familia,Philippines,RMQG,FXB
Marylouise Donnelly Airport,Kimry,Russia,HPDX,INS
Jean Raynor Airport,Erdaocha,China,ZPNJ,RZK
Soledad Marks Airport,Wijewo,Poland,BGZJ,ZIV
Jake Terry Airport,Genova,Italy,TOAP,AYQ
Ronnie Willms Airport,Ningtang,China,XHMZ,QOB
Edda Hackett Airport,Minami-rinkan,Japan,NLKB,DMH
Kristian Thiel Airport,Kortowo,Poland,ZWNA,BMG
Claud Sipes Airport,Middleton,Canada,TYEU,GXT
Marquis Hoppe Airport,Daytona Beach,United States,PJLE,NVC
Carroll Durgan Airport,Aix-en-Provence,France,DEUM,VEU
Gerry McCullough Airport,Rakek,Slovenia,ESKQ,VED
Chanell Berge Airport,Wang Nam Yen,Thailand,HVXA,DAO
Lupe Jacobi Airport,Al Fujayrah,United Arab Emirates,WFUN,AHB
Lane D'Amore Airport,Cimahi,Indonesia,TDAX,NKM
Armando Padberg Airport,Batagay-Alyta,Russia,NAXO,JKD
Merlin Jast Airport,Przasnysz,Poland,BWLS,YLD
Muriel Greenfelder Airport,Lamak,Philippines,BIRQ,LEG
Dewey Hayes Airport,Odiongan,Philippines,NBKP,NXV
Arie Raynor Airport,Ozerki,Russia,AMTK,UPQ
Ed Pacocha Airport,Alangalang,Philippines,TXVA,XRK
Scot Brakus Airport,Limón,Costa Rica,OIXE,ZOE
Velma Wehner Airport,Vanadzor,Armenia,WVOP,MRK
Nicky Koepp Airport,Novoshakhtinskiy,Russia,RAPD,SET
Cassaundra Leannon Airport,Shlissel’burg,Russia,XULS,LMQ
Coletta Schoen Airport,Glan,Philippines,GUIY,FIT
Stephan Skiles Airport,Piúma,Brazil,TGQS,STC
Holley Frami Airport,Jishigang,China,CLVB,ZTY
Jolanda Toy Airport,Vidin,Bulgaria,LTCG,VOK
Nickolas Bergnaum Airport,Kaset Sombun,Thailand,ACXZ,MHF
Leonel Rowe Airport,Arthur’s Town,Bahamas,TPVL,WEH
Pierre Vandervort Airport,Topory,Ukraine,GALZ,ZNK
Andre Corwin Airport,Jiachuan,China,AIBC,REF
Luke Cormier Airport,Chistopol’,Russia,STQD,HIA
Charles Runolfsson Airport,Gaoleshan,China,AEFC,BHJ
Kenneth Kiehn Airport,Burnside,United Kingdom,LPQT,ZUX
Latrisha Kunde Airport,Karangtalun,Indonesia,TGID,BQW
Virgil Shields Airport,Lendan,Indonesia,OHAJ,DWX
Janette Lemke Airport,Ryazanskaya,Russia,QAHN,UIO
Evan Robel Airport,Maydolong,Philippines,JNVK,ONY
Virgil Bruen Airport,Samut Prakan,Thailand,MCND,UNZ
Wonda Schimmel Airport,Wenping,China,NOEM,HST
Boyd Shanahan Airport,Huage,China,XOKV,ECO
Hisako Will Airport,Štitar,Croatia,SXVZ,XVU
Alonso Ebert Airport,Tayāsīr,Palestinian Territory,SVFG,HQA
Tyson Wisozk Airport,Itapira,Brazil,NLEU,HVJ
Brendan Wilderman Airport,Štore,Slovenia,PEIB,LFC
Ward Carter Airport,Jinping,China,KUGA,IJR
Ronnie Shields Airport,Mâcon,France,EFGU,WOR
Sidney Volkman Airport,Chyhyryn,Ukraine,YCOL,SMR
Alysia Turner Airport,Ronglong,China,VGEL,WPX
Otha Kilback Airport,Wulingyuan,China,BNKP,HKC
Julio Bergnaum Airport,Fuyang,China,JMRU,DAM
Keven Blick Airport,Cocobeach,Gabon,SZWY,NSG
Luanne Reilly Airport,Dorp Tera Kora,"Bonaire, Saint Eustatius and Saba ",LWMV,BZA
Giuseppina Kovacek Airport,Baojia,China,DBKY,HFR
Queenie Armstrong Airport,Resende,Brazil,BFZM,GAJ
Maxie Crooks Airport,Jurm,Afghanistan,TVRZ,OXG
Eugenia O'Conner Airport,Jinjia,China,USVY,AQU
Bruce Schulist Airport,Tutup,Indonesia,LXIO,SUN
Arlyne Goyette Airport,Gävle,Sweden,PBIG,FZD
Antione Beier Airport,Niandou,China,XICY,WJB
Herlinda Heidenreich Airport,Riosucio,Colombia,NCEX,ZDG
Aiko Stark Airport,Dijon,France,RHCJ,HWT
Paul Simonis Airport,Colonia Catuete,Paraguay,KBZX,IDX
Cecile Lueilwitz Airport,Pawłosiów,Poland,OJUT,CUP
Marguerita Walsh Airport,Arroio Grande,Brazil,VDCB,HEN
Rossana Mraz Airport,Sovetskoye,Russia,JUMO,CPL
Jeramy Wilderman Airport,Longhua,China,STEG,REM
Wilton Ruecker Airport,Saraburi,Thailand,PKGZ,DKQ
Wendell Stamm Airport,Tapera,Brazil,HSQB,SVL
Arlene O'Connell Airport,Vaggeryd,Sweden,MDVH,EZO
Kristan Boehm Airport,La Unión,El Salvador,KPXE,KYC
Leanna Homenick Airport,Zhiryatino,Russia,EPJS,EFG
Floria Yost Airport,Cumanayagua,Cuba,LGHF,BXS
Jeff Graham Airport,Czarna Woda,Poland,KARI,PSA
Marcellus Mayert Airport,Jiang’an,China,KQCI,HPQ
Chanel Hamill Airport,Jardim,Brazil,FNCV,SOK
Antonia Feil Airport,Sanxiang,China,FXTP,MJU
Felix Hegmann Airport,Araouane,Mali,BEWO,HWS
Kenisha Torp Airport,Kandana,Sri Lanka,FPSU,AXD
Mellisa Terry Airport,Pameče,Slovenia,PGUN,BTU
Cleora Kautzer Airport,Malabang,Philippines,SICV,WPJ
Easter Parisian Airport,Tenancingo,El Salvador,JADQ,PZM
Jc Krajcik Airport,Söderköping,Sweden,OQBK,WIX
Lino Runolfsdottir Airport,Cherëmushki,Russia,BHVR,TRX
Donnie Parisian Airport,Sandyford,Ireland,FBWX,TID
Denisse Kohler Airport,Sigay,Philippines,GOUS,TUK
Pasquale Jacobson Airport,Khatanga,Russia,REFV,FNC
Harmony Wuckert Airport,Liangchahe,China,MUNO,BPE
Blair Wuckert Airport,Wenshang,China,VNRZ,PKF
Nestor Predovic Airport,Tak Bai,Thailand,BMXS,VUL
Shaun Senger Airport,Manjacaze,Mozambique,APUM,AIE
Marcel Hackett Airport,Batanamang,Indonesia,SJYA,BKO
Bradley Schiller Airport,Zawiya,Libya,BUQT,BKY
Alfredia Emmerich Airport,Khān Shaykhūn,Syria,SGRB,QYA
Odelia Breitenberg Airport,Shanghu,China,FEIT,LFR
Prince Doyle Airport,Peicheng,China,QJTI,EUW
Ma Lubowitz Airport,Huaiyuan Chengguanzhen,China,DWMG,IQM
Shonda Tremblay Airport,Selydove,Ukraine,YASH,GMN
Vanda Kirlin Airport,Pedro Santana,Dominican Republic,MYEB,VZL
Yuko Lang Airport,Nanyaojie,China,RJKS,QMC
Ayako Harris Airport,San Jose,Mexico,CNDZ,WGO
Leonora Stamm Airport,Charenton-le-Pont,France,PTQY,NET
Orlando Halvorson Airport,Narbonne,France,WVEM,QEU
John Schaefer Airport,Nîmes,France,RJUN,TME
Jeannetta Prosacco Airport,Povedniki,Russia,XERD,KJD
Jamie Jast Airport,Jieshou,China,NEPC,SEN
Clay Anderson Airport,Huangbei,China,RHAG,DAL
Ok Stamm Airport,Azinhal,Portugal,VWFB,HFU
Racheal Mills Airport,Kasui,Indonesia,SUKY,GBL
Valarie Prohaska Airport,Kabin Buri,Thailand,MIYQ,KHI
Barton Brakus Airport,Meiyao,China,QJPI,DLM
Mindy Weimann Airport,Colcabamba,Peru,FYIN,UIO
Sanda Rosenbaum Airport,Ulsan,South Korea,BEYC,ETQ
Preston Kirlin Airport,Jesús Menéndez,Cuba,EWCP,OGT
Bryon Konopelski Airport,Demak,Indonesia,MGCK,OEJ
Darnell Murazik Airport,Itapetinga,Brazil,SYDV,KRQ
Elma Kohler Airport,Kanigorokrajan,Indonesia,EALH,BMQ
Bridget Bailey Airport,Antigonish,Canada,TARN,ICG
Kiley Armstrong Airport,Yong’an,China,TUHV,NQG
Hedy Kreiger Airport,Mella,Dominican Republic,SXTD,VUW
Domonique Abernathy Airport,Qiqian,China,ZTKN,IPM
Neville Hammes Airport,Yamagata-shi,Japan,UYFO,TGA
Frances Murazik Airport,Nueva Italia,Paraguay,GNYF,YDR
Noe Schoen Airport,Sloboda,Russia,IRWF,DBH
Dusty Reynolds Airport,Baleber,Indonesia,AJTP,JMI
Elden Bashirian Airport,Ymittos,Greece,VHXR,KZF
Syble Torphy Airport,Nikolayevsk,Russia,WOIF,DSW
Isabel Koelpin Airport,Delft,Netherlands,QJIN,SIF
Charise Kris Airport,Bajawa,Indonesia,VQUT,TVI
Dawne Gorczany Airport,Drahovo,Ukraine,RMCV,QNJ
Casie Beier Airport,Fenglin,China,FPJA,BEX
Saul Sipes Airport,San Rafael Petzal,Guatemala,JKXN,NCX
Winston Huels Airport,Xiangtang,China,NXJB,YUI
Ramon Barrows Airport,Champigny-sur-Marne,France,EXSB,JQT
Danuta Macejkovic Airport,Turku,Finland,CZMA,GPJ
Melony Pfeffer Airport,Calilegua,Argentina,TJZP,NGM
Velvet Jones Airport,Yangiyŭl,Uzbekistan,ORWY,NRL
Mitsue Beier Airport,Dolores,Nicaragua,AJUG,JHO
Jada Mohr Airport,Sembalunbumbung,Indonesia,RLHC,XND
Merlin Price Airport,Diaoluoshan,China,DHWU,ALH
Marty Swaniawski Airport,Uijeongbu-si,South Korea,SOPV,WME
Kiara Collins Airport,Kakaek,Indonesia,UIDW,TMR
Sung Kovacek Airport,Hengli,China,DMEV,NEZ
Mariano Skiles Airport,Bzou,Morocco,NAWC,FAX
Terrell Mayer Airport,Zbrosławice,Poland,ORTY,ISM
Min Jast Airport,Libiąż,Poland,TRVM,UFL
Verdie Weissnat Airport,Drakhtik,Armenia,JNWK,MKN
Debbie Kub Airport,Santiago de los Caballeros,Dominican Republic,QTWI,GST
Carola Dicki Airport,Watthana Nakhon,Thailand,NSIG,CUG
Tena Sauer Airport,Aserrío de Gariché,Panama,VQAW,XKT
Ferdinand Botsford Airport,Massawa,Eritrea,XSGH,UDF
Esteban Bode Airport,Pryvol’ny,Belarus,XKJZ,TBX
Silvia Doyle Airport,Tabonoc,Philippines,NRME,NQE
Kathe Hintz Airport,Cotonou,Benin,FKLP,FSQ
Angel Predovic Airport,Bohorodchany,Ukraine,ZMQA,JHU
Dixie Langworth Airport,Xiangshan,China,WIOX,ZIN
Peter Connelly Airport,Jisegumen,China,XUTF,DTG
Neville Pfeffer Airport,Lizhai,China,RSBE,URT
Mohammad Gutmann Airport,Qiting,China,DRCN,PYZ
Carlton Borer Airport,Łaszczów,Poland,WPTI,RIM
Randall Hoeger Airport,Düsseldorf,Germany,ZWVH,XUT
Woodrow Kling Airport,Summerland,Canada,OVNQ,KUQ
Domenic Howell Airport,Fulnek,Czech Republic,YHJS,HZU
Jonathan Watsica Airport,Quế Sơn,Vietnam,IXOM,DXG
Alexia Huels Airport,Yambol,Bulgaria,MJYP,LWV
Von Hagenes Airport,Чучер - Сандево,Macedonia,BHNT,CLT
Andreas Mraz Airport,La Ceja,Colombia,TMRY,KQG
Alena Bergnaum Airport,Luyi,China,VYCP,KJA
Roxanna Buckridge Airport,Abuko,Gambia,UWTR,HRI
Cathleen Koepp Airport,Hamilton,United States,QSDY,WBT
Shaquita Veum Airport,Wołomin,Poland,GBNX,ROX
Ailene Stanton Airport,Nandu,China,TKYD,KTV
Pearl McCullough Airport,Zalewo,Poland,CSAY,SKU
Darleen Abbott Airport,Ibiporã,Brazil,QFMU,VRZ
Genie Moore Airport,Póvoa,Portugal,GMVX,VAL
Ira Fahey Airport,Jalaud,Philippines,WCUL,QTL
Tamra Wolff Airport,Kampungbaru,Indonesia,OLQE,BZW
Daysi Kertzmann Airport,Arari,Brazil,UWPN,NHG
Carlton Effertz Airport,Martingança-Gare,Portugal,SJGA,YRN
Tori Sanford Airport,Kuta,Nigeria,PTCG,QRD
Elias Watsica Airport,Dayushu,China,OQIS,JLH
Kristeen Cormier Airport,Vagney,France,KUWL,WYP
Theresia McKenzie Airport,Kendaruan,Indonesia,NAVP,OUE
Felton Schuppe Airport,Skalbmierz,Poland,WTMQ,PVZ
Kesha Weimann Airport,New York City,United States,EWVO,NLU
Ashli Batz Airport,Yaodu,China,GXAP,AZE
Gregorio Beier Airport,Rio Negrinho,Brazil,APVO,TML
Lelia Boyle Airport,Besisahar,Nepal,KECD,ULB
Manie Abbott Airport,Johnson City,United States,BTHK,APQ
Randal Mueller Airport,Padangan,Indonesia,NGBL,JNV
Justin Mraz Airport,Penedo,Portugal,FASI,FIZ
Jake VonRueden Airport,Lappi,Finland,KGRW,IZR
Sam Hoppe Airport,Cabanas,Portugal,GJOY,IKC
Vanetta Luettgen Airport,Troyes,France,RPEO,FAX
Philip Aufderhar Airport,Rakai,Uganda,ZXAS,CBZ
Rose Waelchi Airport,Hanshou,China,DEVZ,JLN
Eldon Zulauf Airport,Gondanglegi Wetan,Indonesia,SJAV,PHD
Larraine Ward Airport,Pindushi,Russia,TKNM,CNW
Edythe Kozey Airport,Las Palmas,Mexico,UQMD,LXF
Carey Leffler Airport,Perechyn,Ukraine,CYNA,KWI
Cherish Bernhard Airport,Shishan,China,VQDN,FUS
Jordan Labadie Airport,Candoso,Portugal,LYRW,TEH
Genaro Beahan Airport,Oklahoma City,United States,OAGR,TIZ
Jeana Beer Airport,Cinagrog Girang,Indonesia,GEDK,PUI
Floyd Reinger Airport,Borås,Sweden,ICAL,BQA
Tristan Breitenberg Airport,Jingling,China,GWAV,XDN
Weston Huels Airport,Shar,Kazakhstan,UYHZ,MUV
Sophie Luettgen Airport,Gniezno,Poland,ILHC,YOD
Alyson Stanton Airport,Mollās̄ānī,Iran,SBFD,PJM
David Towne Airport,La Unión,El Salvador,NQUA,SYR
Winston Cremin Airport,Stykkishólmur,Iceland,SVXC,XJY
Arlie Koch Airport,Masaraway,Philippines,WNEI,JRA
Lakisha Effertz Airport,Grodzisk Mazowiecki,Poland,EICM,MCT
Chantell Berge Airport,Nijmegen,Netherlands,JFMD,NBD
Rory Price Airport,Kiboga,Uganda,PNXG,YKD
Stewart Russel Airport,Sawahan,Indonesia,HLQX,AZB
Kaylee Johns Airport,Adámas,Greece,VCKE,EAH
Samella Ortiz Airport,Paulpietersburg,South Africa,GHNB,CVB
Nicola Bailey Airport,Rodotópi,Greece,VFOM,OAK
Hortense Zemlak Airport,Datarkadu,Indonesia,YGZT,PUR
Jerrold Connelly Airport,Askaniya Nova,Ukraine,KRFS,VOZ
Alex Kertzmann Airport,Simimbaan,Philippines,BNOX,VMQ
Kellie Brown Airport,Kadubadak,Indonesia,EPLO,YRC
Shanel Casper Airport,Ban Kruat,Thailand,NGTI,JEH
Kelsi Rodriguez Airport,Pasongsongan,Indonesia,ANQU,FDQ
Moses Torp Airport,Valinhos,Brazil,UFGM,AYZ
Charley Shields Airport,Deskle,Slovenia,VYOF,CVP
Blake Rath Airport,Nanyuan,China,GCTZ,RQZ
Iesha Kunde Airport,Kuala Lumpur,Malaysia,ZWCB,RMT
Will Steuber Airport,Bené Beraq,Israel,IKTE,JOX
Jeanette Will Airport,Pampas,Peru,VOUL,GST
Dino Spinka Airport,Soure,Portugal,MDNX,WEJ
Cletus Hauck Airport,Puerto Iguazú,Argentina,HSEJ,QVE
Gertie Morar Airport,Zhongzhai,China,VQJS,IZD
Bradley Price Airport,Sơn Tịnh,Vietnam,MOSV,RFY
Lloyd Haley Airport,Mjölby,Sweden,MELN,NTC
Keri Barton Airport,Perehonivka,Ukraine,ZPAD,LMZ
Qiana Heidenreich Airport,Okrouhlice,Czech Republic,YCEQ,TLR
Bernard Kuhn Airport,Tianchang,China,ELXO,INJ
Meridith Renner Airport,Meishan,China,DLIW,SDQ
Edwardo Halvorson Airport,Avignon,France,NAJZ,IFL
Emory Torphy Airport,Mistřice,Czech Republic,NTSP,AHN
Tabetha Gislason Airport,Maasin,Philippines,TNSL,ETY
Earl Wyman Airport,Paraíso de Chabasquén,Venezuela,KYEO,EVW
Cyril Corwin Airport,Tarata,Peru,NAQE,AIW
Patricia Stamm Airport,Galván,Dominican Republic,PDXI,UIF
Howard Effertz Airport,Slunj,Croatia,MWPI,FLS
Bart Herzog Airport,Mullagh,Ireland,RBJQ,OUS
Kelley Brown Airport,Lundo,Indonesia,SKJY,ICW
Hoa McDermott Airport,Taoshan,China,OCXD,CZH
Lucilla Lubowitz Airport,Xiatang,China,AIOV,OHG
Emery Bailey Airport,Mambi,Indonesia,JHYZ,BJC
Vernell Nitzsche Airport,Welchman Hall,Barbados,MAHT,AWX
Gilberto Swift Airport,Sabtang,Philippines,MBNS,PVU
Rochell Hudson Airport,Maintang,China,VFRN,OBG
Camelia Rath Airport,Guantánamo,Cuba,WOSH,IAH
Vaughn Cruickshank Airport,Jayawangi,Indonesia,FZKV,HTS
Jewell Denesik Airport,Dhidhdhoo,Maldives,POFV,IGV
Ellis DuBuque Airport,Togu,Indonesia,YZBM,EYW
Victorina Kunde Airport,Xicheng,China,KVRS,CIO
Bernadine Kuhic Airport,Ul,Portugal,GFAM,IUW
Patrick Bosco Airport,Fresnes,France,URBS,NYQ
Jenette Schiller Airport,Limín Khersonísou,Greece,RIEZ,MJP
Francis Upton Airport,Gadžin Han,Serbia,HTGW,BUC
Alexander Ryan Airport,Wuqiao,China,LHAN,NRF
Mauricio Raynor Airport,Haninge,Sweden,HPRE,ZAH
Myriam Grady Airport,Vallehermoso,Philippines,VFRQ,QCN
Raeann Waelchi Airport,Mississauga,Canada,SGLT,VCU
Michale Auer Airport,Niš,Serbia,LBYR,XLM
Vinnie Kohler Airport,Lampa,Chile,VXPW,LTO
Willie Cartwright Airport,Lethbridge,Canada,NMQZ,GRK
Joe Harber Airport,Ohafia-Ifigh,Nigeria,QWSP,ZAS
Marvin Cartwright Airport,Bolszewo,Poland,GKDL,WJL
Bonnie Quitzon Airport,Santo Niño,Philippines,RLGU,XAH
Gail Hodkiewicz Airport,Al Badārī,Egypt,DLWG,LIX
Florence Sauer Airport,Zaojiacheng,China,EUXP,ODW
Reina Nolan Airport,Maniowy,Poland,BSLT,AVC
Jude Moore Airport,Gastello,Russia,WHQN,FIR
Thalia Murray Airport,Dakhla,Western Sahara,XDFT,LVB
Branden Kling Airport,Al Muharraq,Bahrain,GHVZ,OKC
Edgar Ryan Airport,Solnechnyy,Russia,LUXM,UOX
Isiah Abbott Airport,Jawl al Majma‘,Yemen,YKAE,XVY
Lucius Lynch Airport,Bledzew,Poland,GMQC,KLI
Eleni Ebert Airport,Karpushikha,Russia,NSRE,CRW
Rana Reichert Airport,Arcena,Portugal,CGVH,KOL
Laveta Marquardt Airport,Curumaní,Colombia,ISGC,OEL
Gregory Roberts Airport,Camangcamang,Philippines,VFKM,ERU
Nathan Parisian Airport,San Roque,Philippines,RTKZ,SMK
Kaleigh Kris Airport,Salon-de-Provence,France,AZIJ,KMT
Sonia Schaden Airport,Fengren,China,QPAO,WYR
Toney Stoltenberg Airport,Changping,China,QVUN,CMG
Noel Treutel Airport,Gingsir,Indonesia,LGFD,PCF
Huong Steuber Airport,Skelleftehamn,Sweden,FACW,MPT
Rosina Kutch Airport,Charqueadas,Brazil,XOSW,SEJ
Ilona Zieme Airport,Kýthnos,Greece,THDO,LJI
Billie O'Connell Airport,Kahnūj,Iran,KXZV,NSA
Terrance Mertz Airport,Sumberejo,Indonesia,XDJF,UPA
Lemuel Williamson Airport,Tangshan,China,IWKE,BFN
Moses Larson Airport,Adzopé,Ivory Coast,JPVM,THE
Zachary Robel Airport,Valbonë,Albania,MZXV,NLD
Monnie Goyette Airport,Baima,China,NATU,XQH
Harold Pouros Airport,Zhuravka,Ukraine,XCKO,RQP
Johnson Gottlieb Airport,Malimaneek,Indonesia,WCEH,TQH
Magnolia Hintz Airport,Houten,Netherlands,DFIA,ESA
Jayne Mayert Airport,Vales,Portugal,PIEF,GHN
Kelle Tremblay Airport,Velikovechnoye,Russia,JEQZ,NXI
Renata Kulas Airport,New York City,United States,ESGA,OGY
Melodee Heathcote Airport,Tangtou,China,FLSX,AML
Jimmie Ortiz Airport,Medeiros Neto,Brazil,NUEP,UXT
Blake Kuvalis Airport,Teongtoda,Indonesia,FENL,ONG
Shiela Predovic Airport,Bělá pod Bezdězem,Czech Republic,INWG,NQJ
Rasheeda Stamm Airport,Ostashkov,Russia,LXRN,RUV
Mckenzie Hoeger Airport,Hrušovany u Brna,Czech Republic,XWBU,JSD
Marlys Schinner Airport,Dolna Banjica,Macedonia,BVJF,HDU
Broderick Durgan Airport,Örebro,Sweden,QMLJ,HKS
Gary Heidenreich Airport,Youkounkoun,Guinea,MJUR,CAJ
Jae Towne Airport,Dankunku,Gambia,XWKO,GSD
Catherine Von Airport,Taphan Hin,Thailand,GSFY,RHT
Jae Gerhold Airport,Kotlovka,Russia,EPHS,OLV
Lynwood Schowalter Airport,Yongshan,China,HMUO,POV
Miles Mayer Airport,Songhe,China,HBZY,YCI
Jimmy O'Keefe Airport,Palaiseau,France,PZLE,BQZ
Dale O'Hara Airport,Kōnan,Japan,GKZH,HVF
Teodoro Welch Airport,Pilaya,Bolivia,MLTX,KPC
Racquel Weissnat Airport,Seraya,Indonesia,XGNV,CEH
Sam Gleichner Airport,Tanjung Palas,Indonesia,NMOB,EVG
Renita Spencer Airport,Chalamarca,Peru,SBGQ,RTG
Tracy Flatley Airport,Haolibao,China,TQDY,PXB
Trenton Wiegand Airport,Gondang,Indonesia,UVPN,YDT
Betty Runolfsson Airport,Balucawi,Philippines,CWMK,OBV
Donovan Mosciski Airport,Miłosław,Poland,WZYG,IYR
Monroe White Airport,Cergy-Pontoise,France,QPDU,ZXK
Sherlene Boehm Airport,Valencia,Spain,NHXD,WGY
Violeta Pouros Airport,Semikarakorsk,Russia,PZIR,RCU
Raymond Walsh Airport,Cuntan,China,MYJQ,DGH
Mel Carter Airport,Puńsk,Poland,ZCOT,YBU
Brendon Hudson Airport,Sarykemer,Kazakhstan,WBRC,QBD
Clemente Schroeder Airport,Kazanskaya,Russia,GMLR,YDH
Connie Ward Airport,Bungsuan,Philippines,GJZD,SND
Regan Johnson Airport,San,Mali,YUMD,IHB
Bunny McCullough Airport,Trawniki,Poland,WDYL,RIU
Myrna Leffler Airport,Rogóźno,Poland,MOCU,PEQ
Gus Jenkins Airport,Takikawa,Japan,CKYE,JSB
Jordon Dare Airport,Perené,Peru,BLPZ,SIK
Juliette Daugherty Airport,Changshou,China,XHZT,SFX
Carroll Cummerata Airport,Qingquan,China,GNKS,OAG
Maryland Rempel Airport,Vallehermoso,Philippines,PANZ,WVO
Kory Davis Airport,Sredniy,Russia,QCIT,QSW
Danika Stehr Airport,Nueva Loja,Ecuador,MSRT,ZXC
Eddy Langworth Airport,Angers,France,LWKV,HUK
Charlyn Daugherty Airport,Desa Borogojol,Indonesia,HBMZ,ZID
Edmund Fritsch Airport,San Ignacio,Honduras,SZFD,SEI
Ivey Pouros Airport,Kifrī,Iraq,OIBC,VDJ
Bunny Murphy Airport,Lipnica Wielka,Poland,KYAD,NXC
Vincenzo Metz Airport,Polevskoy,Russia,SODA,LWV
Carmen DuBuque Airport,Fort Worth,United States,HVMA,FLX
Man Murazik Airport,Wakaseko,Indonesia,SHMC,CLP
Forrest Kessler Airport,Longcun,China,BJXT,PGI
Lissa Abernathy Airport,Bagenalstown,Ireland,LICH,DNW
Demetrius Dickens Airport,Qozonketkan,Uzbekistan,GHDM,AZP
Anette Stracke Airport,Dongtian,China,MBXH,UTI
Arlette Runolfsson Airport,Huanglin,China,BKZC,GHJ
Marylouise McClure Airport,Michałowice,Poland,JKTS,ILC
Tony Quitzon Airport,Ambian,Indonesia,FPDN,ODF
Mechelle Harvey Airport,Kasama,Japan,UJCZ,RKD
Earlene Crooks Airport,Souto do Meio,Portugal,KBYL,GHU
Estell Ledner Airport,Obigarm,Tajikistan,VIXZ,KVO
Felicita Kshlerin Airport,Karuri,Kenya,MWOU,LSI
Trenton Gutkowski Airport,Banjar Penyalin,Indonesia,CQGX,AWV
Norene Batz Airport,Almendra,Portugal,YVCW,NID
Cira Hickle Airport,Dimitrov,Armenia,NCPV,SKF
Hobert Sipes Airport,Denver,United States,RTBZ,HEU
Alexa Rogahn Airport,Arbuzynka,Ukraine,PYQJ,YNI
Josefa Bins Airport,Machado,Brazil,FJVN,JDT
Tristan Cruickshank Airport,Mulhouse,France,GHZV,BTL
Carlos Berge Airport,Santo Domingo,Philippines,JMAD,ZNO
Victor Nitzsche Airport,Stykkishólmur,Iceland,YKPF,WKE
Steven Reichel Airport,Bandhagen,Sweden,MCZQ,TKB
Elsa Sporer Airport,Varge Mondar,Portugal,CWXB,ABT
Willia Lesch Airport,Leeds,United Kingdom,NKDB,MPA
Octavio Pfeffer Airport,Schifflange,Luxembourg,LMBV,FRX
Malika Schuster Airport,Sindangbarang,Indonesia,XSTW,ZEJ
Jeffrey Ernser Airport,Áno Kómi,Greece,BETI,PLZ
Ofelia Jewess Airport,Ampanihy,Madagascar,XQKE,KGU
Joe Nader Airport,Qal‘eh Ganj,Iran,GVJD,TBP
Titus Olson Airport,Dashkawka,Belarus,SGUB,FCZ
Elroy Hessel Airport,Lorena,Brazil,TYFQ,CGQ
Una Morissette Airport,Veyno,Belarus,AIYV,JYL
Merrie Stamm Airport,Telagasari,Indonesia,HRNY,ASD
Kimberley Sawayn Airport,Celica,Ecuador,WTQB,SFA
Corine Hintz Airport,Varnsdorf,Czech Republic,MTJX,GMZ
Vera Sporer Airport,Kafr Kannā,Israel,ULXZ,CXU
Cythia Abshire Airport,Horten,Norway,NECX,GYL
Corie Lang Airport,Klavdiyevo-Tarasove,Ukraine,WHTJ,DSM
Renata DuBuque Airport,Chengshan,China,IQCW,MDC
Jarod Schultz Airport,Jasugih Selatan,Indonesia,QXVN,CTO
Hobert Frami Airport,H̱olon,Israel,TCFI,XRW
Ethyl Steuber Airport,Cubatão,Brazil,CDFR,UIR
Russell Smith Airport,Fanzeres,Portugal,HAPI,MWV
Freddy Brakus Airport,Xihe,China,XCPU,DHT
Patricia Kohler Airport,Sanhu,China,HGIA,INW
Iliana Padberg Airport,Dimovo,Bulgaria,KFUJ,CZU
Beau Wehner Airport,Kavarna,Bulgaria,YMJH,GYN
Wonda Will Airport,Mahābād,Iran,GZKO,TPX
Retha Buckridge Airport,Xiting,China,QOZA,KIW
Christal Franecki Airport,Itaitinga,Brazil,GFWH,XPJ
Jake O'Connell Airport,Purwodadi,Indonesia,PNEQ,BFQ
Stephen Rosenbaum Airport,Watangan,Indonesia,VIPO,JBS
Marty Brown Airport,Vantaa,Finland,ZTJR,IWG
Laurette Mayer Airport,Bayantal,Mongolia,NMZO,KYB
Joette Mohr Airport,Beibao,China,QKBL,RUK
Abraham Vandervort Airport,Atbasar,Kazakhstan,OXUI,KTE
Celestina McGlynn Airport,Guangpu,China,QFZG,JTP
Nelson Doyle Airport,Chocos,Peru,RTHO,JKY
Lavelle Mosciski Airport,Krasnoye,Russia,BDKG,XRQ
Rupert Bradtke Airport,Kavalerovo,Russia,GDYQ,TMU
Mac Ritchie Airport,Qiling,China,RAWV,OKV
Corey Beahan Airport,Prroshyan,Armenia,JHXM,WZV
Lizabeth Auer Airport,Hongshunli,China,HQOE,LRA
Leota Thiel Airport,Kebon,Indonesia,JMBY,UCO
Coleman Heller Airport,Donim,Portugal,DNML,XWO
Bonny Stroman Airport,Malekān,Iran,DSPT,AUP
Anthony Willms Airport,Emnambithi-Ladysmith,South Africa,ZDHX,ALG
Aaron Murphy Airport,Lashkar Gāh,Afghanistan,JCTO,HXT
Todd Abshire Airport,Umeå,Sweden,KLGY,RWZ
Marva Daugherty Airport,Kamensk-Ural’skiy,Russia,HRGP,HZA
Willene Kunze Airport,Chian Yai,Thailand,HNVB,PDB
Jonas Heathcote Airport,Cuamba,Mozambique,KUES,XHJ
Jacqui Hartmann Airport,Baganha,Portugal,HUKS,ZEH
Reagan Gislason Airport,Da-an Sur,Philippines,UKVG,VPF
Yukiko Carter Airport,Kribi,Cameroon,JTSQ,NZB
Stefani Grant Airport,Velké Meziříčí,Czech Republic,NBEU,RCJ
Mayme Baumbach Airport,El Quiteño,Panama,FYCM,RCF
Mario Grady Airport,Scarborough,Trinidad and Tobago,QIZX,UTL
Janeen Torphy Airport,Phoenix,United States,XGOJ,BGZ
Pasquale Heller Airport,Quiaios,Portugal,CPBU,HZC
Ocie O'Reilly Airport,Seboruco,Venezuela,DCME,AJL
Rod Rodriguez Airport,Sawo,Indonesia,SAZP,TPO
Miranda Hamill Airport,Maythalūn,Palestinian Territory,REFJ,DTF
Jacqualine Monahan Airport,Funafuti,Tuvalu,AJSL,QNA
Ezra Thiel Airport,Boende,Democratic Republic of the Congo,YZHF,FUY
Major Veum Airport,Bochum,Germany,VIDL,KAM
Madalyn Bartoletti Airport,Várzea Grande,Brazil,AHVW,OME
Gordon Hodkiewicz Airport,Oekero,Indonesia,ROJB,HBW
Warren Schumm Airport,Phu Kradueng,Thailand,OMWC,TOL
Wallace Conn Airport,Calape,Philippines,QYZR,YTJ
Dexter Schumm Airport,Castelões,Portugal,XNGB,SJD
Vennie Willms Airport,Novovladykino,Russia,UJWM,GVX
Wendolyn Hyatt Airport,Yingjiang,China,PVAR,EDN
Ryan Ward Airport,Plavy,Czech Republic,IHDR,WLV
Roscoe O'Hara Airport,Barão de São Miguel,Portugal,LGQT,OZE
Marlene Armstrong Airport,Xiadu,China,LBWV,ZSU
Jack McGlynn Airport,Regente Feijó,Brazil,RDXG,RHC
Derek Abshire Airport,Valle Grande,Argentina,WYJQ,EGT
Glory Kling Airport,Taquarituba,Brazil,ENYV,EKM
Florentino White Airport,Nakhodka,Russia,XPJB,DCZ
Andra Frami Airport,Reno,United States,AGXB,ZJN
Savannah Cummerata Airport,Arnoia,Portugal,MXDN,UVC
Cristy Ebert Airport,Capanema,Brazil,JUVS,ZDA
Dale Lemke Airport,Las Palmas,Mexico,NKFL,FAH
Garth Jenkins Airport,Mlawe,Indonesia,HLIX,YWI
Paula Connelly Airport,Ivanava,Belarus,YESW,BRV
Gavin Ziemann Airport,Hechun,China,FJUX,HUB
Michelina Schinner Airport,Nalsian Norte,Philippines,SVXK,ZDY
Raymundo Hills Airport,Bystryanka,Russia,JMLH,AXC
Laverne Mraz Airport,Korniyivka,Ukraine,WLKE,UOJ
Denna O'Connell Airport,Ungheni,Moldova,UQWG,AKY
Carrol Harris Airport,Postřekov,Czech Republic,XUBT,WLN
Delfina Klocko Airport,Binuangan,Philippines,ADUV,RYB
Refugia Jones Airport,Los Palacios,Cuba,EBCU,WAD
Leland Dickens Airport,Wupu,China,KMIX,ZGR
Leon Stark Airport,Di Linh,Vietnam,NZOW,PIE
Luetta Muller Airport,Tuen Mun,Hong Kong,LGXJ,KGM
Jenee Effertz Airport,Meiyuan Xincun,China,LGWH,PUQ
Rudolf Sauer Airport,Chiscas,Colombia,IJHO,VTQ
Lilliam Nikolaus Airport,Yukhnov,Russia,YBAU,RSG
Ji Pollich Airport,Gunungkencana,Indonesia,OGIX,NEY
Avery Huels Airport,Luowan,China,EJIO,CTS
Carolina Greenholt Airport,Irará,Brazil,ATSF,RWH
Breanna Gottlieb Airport,Croissy-sur-Seine,France,VYFE,LAM
Todd Zulauf Airport,Gambēla,Ethiopia,QLJR,FDZ
Hellen Haag Airport,Trondheim,Norway,IODE,FLO
Penelope Pacocha Airport,Malitbog,Philippines,OXER,JEA
Rebekah Schmeler Airport,Itarana,Brazil,GCZK,LYH
Dino Dickinson Airport,Lesnikovo,Russia,YIAV,ULA
Brendon Kassulke Airport,Cibeureum,Indonesia,YXQU,NDO
Jeramy Rempel Airport,Ntsoudjini,Comoros,SMUC,GSF
Tad Connelly Airport,Kelīshād va Sūdarjān,Iran,OSIB,BZT
Quyen Oberbrunner Airport,James Craik,Argentina,OFCX,NZP
Pamila Ullrich Airport,Dal’neye Konstantinovo,Russia,MAJL,WCX
Ross Deckow Airport,Jiaozuo,China,VRFH,YAN
Dolly O'Conner Airport,Wakefield,Jamaica,NFBW,DSF
Camila Beatty Airport,Shuiquan,China,ETPX,ZIJ
Kirby Wiegand Airport,Pamoyanan,Indonesia,SIUH,ZQX
Kendra Sanford Airport,Zhosaly,Kazakhstan,VEUW,IVD
Neil Mills Airport,Brikama Nding,Gambia,ILWZ,PIG
Rodolfo Smitham Airport,Magoúla,Greece,MGOH,ULH
Boyce Flatley Airport,Trongsa,Bhutan,AQLU,KGV
Woodrow Kiehn Airport,Xinzheng,China,AUXI,CSY
Rodolfo Sporer Airport,Gala,Portugal,GHRA,KBO
Thora Lang Airport,Xuefu,China,GCSL,LZC
Millie Kreiger Airport,Bobigny,France,EWFD,GTO
Taylor Emard Airport,Kertamukti,Indonesia,UWCO,JZV
Dania Becker Airport,Hongyuan,China,GERV,XQC
Laure Weissnat Airport,Pontevedra,Spain,MLEZ,NSF
Louisa Barrows Airport,Urukh,Russia,ULVN,OYI
Tori Haley Airport,Għaxaq,Malta,NOFK,HTE
Selena Pagac Airport,Haihui,China,VWLP,URB
Mirta Littel Airport,Loukísia,Greece,SNYV,BRS
Jamaal Brekke Airport,Roissy Charles-de-Gaulle,France,IUCA,OPS
Viviana Morissette Airport,Manaus,Brazil,XICJ,NDR
Victor Treutel Airport,Gaomiaoji,China,OBUY,BIL
Agueda Heidenreich Airport,Ciharalang,Indonesia,AGFI,YCE
Doretha Streich Airport,Sanyantang,China,XNHC,FVL
Carylon Cassin Airport,Linjiang,China,BYSX,NZT
Myron Becker Airport,Dobra,Poland,TQJA,BJI
Gerald Bartell Airport,Xinzhai,China,FDLW,FVH
Ruben Rath Airport,Dolní Sloupnice,Czech Republic,XWYL,OSC
Cierra Murray Airport,Lincoln,United States,RDLZ,MEW
Garth Hyatt Airport,Maticmatic,Philippines,KYIJ,XFD
Earlean Wolff Airport,La Loma,Mexico,RSLX,WPY
Herb Stehr Airport,Tikiw,Philippines,NBFD,IVN
Karren Hettinger Airport,Floreşti,Moldova,IUSV,NMT
Gladys Hand Airport,Las Palmas,Mexico,QJDM,COM
Kathleen Moen Airport,Qinghaihu,China,UPGZ,FAT
Linn Kunde Airport,Sarbīsheh,Iran,QOHX,YCV
Rocky Ritchie Airport,Ifanes,Portugal,UQPY,JLN
Myles Koelpin Airport,Talok,Indonesia,EURI,JQT
Elba Lesch Airport,Sovetskaya,Russia,ULOC,KIC
Elina Wiegand Airport,Barţa‘ah ash Sharqīyah,Palestinian Territory,NQWB,NSO
Vivien Lebsack Airport,Steinkjer,Norway,ZIUR,PMV
Pablo Ferry Airport,Rennes,France,CPSO,BNW
Elmer Schaden Airport,Shuangchahe,China,EZPF,EFA
Roman Rempel Airport,Sofo-Birnin-Gwari,Nigeria,OXBL,WPS
Chi West Airport,Vinkkilä,Finland,CJKW,MPS
Daren Wiegand Airport,Vetlanda,Sweden,VHTQ,TGR
Palmira Jacobs Airport,Taoudenni,Mali,IYEV,YMG
Brian Herman Airport,Luotuo,China,LZTI,TVR
Ismael Satterfield Airport,Chiba,Japan,NEXW,UBG
Toshiko Johns Airport,Jiantang,China,OGBN,NUV
Jay Labadie Airport,Fengpo,China,MNLK,KAM
Benito Cummings Airport,Cimanggu Girang,Indonesia,LOYV,HLP
Bud Monahan Airport,Makoua,Republic of the Congo,UKNS,UAK
Edda Ebert Airport,Sinjār,Syria,ZRSP,BPX
Vashti Sauer Airport,Fukayachō,Japan,YXVP,JTB
Tyrell Doyle Airport,Tubajon,Philippines,GDMT,CAL
Lesley Trantow Airport,Pirapora,Brazil,OWCQ,SXN
Valorie DuBuque Airport,Shifang,China,WAIC,UJT
Elias Bergnaum Airport,Batur Kidul,Indonesia,MVYA,RKA
Esther Strosin Airport,Changqing,China,ZFWU,TEG
Leeanna Sauer Airport,Datong,China,LNCK,PJK
Shelia Kassulke Airport,San Javier,Argentina,HEJR,PLW
Lorri Quitzon Airport,Stuttgart Stuttgart-Mitte,Germany,TFGB,ZQE
Soraya Christiansen Airport,Urzhar,Kazakhstan,CQVO,MHL
Dong Jenkins Airport,Luofang,China,STGY,COB
Vicente Reilly Airport,Nyíregyháza,Hungary,IQER,EDL
Darin O'Conner Airport,Yarumela,Honduras,TSWL,LBZ
Margurite Jaskolski Airport,Cambé,Brazil,SNHA,JUL
Johnathan Leffler Airport,Poretskoye,Russia,CGAD,HAF
Darcey Connelly Airport,Krasnoyarka,Russia,VAEZ,LJQ
Mozell Fadel Airport,Cortinhas,Portugal,FSLW,FIX
Gladis Christiansen Airport,Vallauris,France,CUFY,KAQ
Nolan Runolfsson Airport,Tomsk,Russia,BLUM,IBG
Maranda Johns Airport,Cambuí,Brazil,OHGD,NCW
Herschel Lockman Airport,Andrijaševci,Croatia,RGAO,XIN
Kamilah Brown Airport,Fenggang,China,BLIZ,WEZ
Bruce Rohan Airport,Åtvidaberg,Sweden,LHJD,IUE
Ellen Schiller Airport,Shuiying,China,DTQY,TZG
Lamont Blick Airport,Chuhuyiv,Ukraine,HUAX,LFM
Marlin Lebsack Airport,Tucheng,China,SHAN,TFN
Norine Quigley Airport,Kafue,Zambia,OIAD,OLT
Kristopher Shields Airport,Lávara,Greece,FVQD,KHA
Leland Torphy Airport,Mariestad,Sweden,SAMV,WAF
Andera Jerde Airport,Daxi,China,RGYV,HTG
Tiera Jones Airport,Varazqān,Iran,KZCN,RMH
Flo Schumm Airport,Dobrica,Serbia,UDWV,NID
Willena O'Reilly Airport,Nāḩiyat Baḩār,Iraq,CFGH,SVG
Glynis Dickens Airport,Santo Niño,Philippines,PGTO,VZB
Ismael Schroeder Airport,Naschel,Argentina,LCXP,YFC
Shantae Runolfsdottir Airport,Anmore,Canada,OPXS,CZP
Gabriel Walsh Airport,Xuji,China,CDHW,GCT
Evangeline Paucek Airport,Caen,France,XUMY,MEP
Trey Murphy Airport,Shahre Jadide Andisheh,Iran,EUVS,YRD
Hank Monahan Airport,Bahía Honda,Cuba,HGKO,TIR
Bernie Terry Airport,Kameda-honchō,Japan,JLON,BRV
Jerrold Miller Airport,Xuhui,China,DPXH,JOW
Vicky Lindgren Airport,Babug,Philippines,SVLI,DMJ
Lou Borer Airport,Ueki,Japan,XFWL,XBH
Jae Williamson Airport,Lemenhe,Portugal,ZPDG,NUI
Willie Schamberger Airport,Itapevi,Brazil,JZPU,KIA
Love Zemlak Airport,Mengyin,China,EYGA,HMI
Keisha Heaney Airport,Valsamáta,Greece,IGYV,VCK
Carlena Green Airport,Nagqu,China,SDAH,YRB
Roberta Lakin Airport,Ōkuchi,Japan,FKAB,BNP
Renita Cummerata Airport,Atsipópoulon,Greece,UKBE,HDM
Nannette Gibson Airport,Cunliji,China,JRBZ,XCF
Vernia Reynolds Airport,Neiba,Dominican Republic,COQV,VCG
Donovan Batz Airport,Huangsha,China,RXDO,NIQ
Belia O'Kon Airport,Ash Shiḩr,Yemen,XZTF,TPD
Kristie Tillman Airport,Shenzhong,China,EBPO,EXW
Maryjane Beier Airport,Hilotongan,Philippines,QYAC,JXW
Jarred Ritchie Airport,Lipov,Czech Republic,UFLT,TVU
Bradly Wiegand Airport,Zhongchuan,China,PLEV,GDO
Miguelina Harvey Airport,Sukkozero,Russia,NREK,FPV
Tanna Leannon Airport,Opatów,Poland,VSUW,EQH
Sal Monahan Airport,Xinjian,China,YOCE,MVY
Felicitas Stehr Airport,Fandriana,Madagascar,VRSC,ZNP
Verda Wiza Airport,Carcavelos,Portugal,LDWO,PQM
Burma Bednar Airport,Karkkila,Finland,KTAW,APQ
Ilda Hansen Airport,Rejanegara,Indonesia,UDQS,AZI
Tracy Batz Airport,Obubra,Nigeria,JREN,IFX
Wyatt Jenkins Airport,Vozuća,Bosnia and Herzegovina,QPVC,VFK
Wen Lynch Airport,Udënisht,Albania,HPJC,IMW
Russell Bartell Airport,Kisangani,Democratic Republic of the Congo,HZWI,UGM
Melonie Sawayn Airport,Francisco Beltrão,Brazil,KUAX,JGQ
Fredericka Dickinson Airport,Krikil,Indonesia,IGTQ,VKI
Shawn Kulas Airport,Janiuay,Philippines,VLFU,JQU
Antione Lindgren Airport,Piasek,Poland,PJBV,LGI
Jeri Kuhic Airport,Iwade,Japan,BTIR,PFI
Meghan Heller Airport,Turba,Estonia,GJBR,ABQ
Kori Moore Airport,Peseng,Indonesia,MKHI,THL
Gillian Orn Airport,Verkhnya Rozhanka,Ukraine,CRNT,AHM
Nicholas Armstrong Airport,Salinópolis,Brazil,ETMX,MYV
Tracey Boyer Airport,Buarcos,Portugal,OGLR,KHS
Ona Balistreri Airport,Marseille,France,BSJC,BWP
Ute Kuhn Airport,Shuyuan,China,OPTW,CVL
Anton Smith Airport,Cheqiao,China,BPMS,JXZ
Rudolf Abshire Airport,Camilo Aldao,Argentina,PNRD,ZHU
Darwin Witting Airport,Söderhamn,Sweden,CVLE,RZB
Rogelio Klein Airport,Bailu,China,ZCDR,CQG
Fidelia Schmidt Airport,Plymouth,Montserrat,HCEO,RKW
Linda Cronin Airport,Xinshiba,China,RHYG,AKR
Kourtney Bashirian Airport,Wukou,China,SBTJ,GSQ
Dusty Haag Airport,Tyler,United States,BKES,KIZ
Dion Blanda Airport,Hongshi,China,MKQR,KFO
Kiana Pagac Airport,Lukovo,Macedonia,GVBJ,PGK
Michal Bins Airport,Shulan,China,LCFP,ZYF
Victor Oberbrunner Airport,Caramay,Philippines,CBDA,TFJ
Betty Schneider Airport,Milot,Haiti,BIFM,MHU
Cathey Leuschke Airport,Shangxing,China,UFVD,WKO
Benito Adams Airport,Muzayri‘,United Arab Emirates,AGUJ,LPH
Hunter Balistreri Airport,Caohe,China,VQTF,INU
Jayson Volkman Airport,Santo Amaro,Brazil,QVZC,KQU
Dorsey Schimmel Airport,Yiqi,China,YCSE,CBT
Bridgett Brakus Airport,Dana,China,QWBF,QBF
Toshia Douglas Airport,Gaozhou,China,UGWZ,HKF
Dusty Streich Airport,Tongren,China,SDFL,XQJ
Ahmad Stehr Airport,Idanre,Nigeria,MSXF,IRJ
Lawerence Fritsch Airport,Jacarezinho,Brazil,XDBZ,TUC
King Kulas Airport,Lengkongjaya,Indonesia,GCEX,QIE
Hayden Thompson Airport,Miami,United States,ZSIN,DVB
Colton Bogan Airport,Khiliomódhi,Greece,HWYI,BZH
Caterina Goldner Airport,Tibro,Sweden,AOPX,BEG
Quincy Will Airport,Mobaye,Central African Republic,SHEA,CWP
Brittaney Kshlerin Airport,Macaíba,Brazil,OSCW,VOD
Trudi Jaskolski Airport,Shekou,China,TVXR,WPB
Renate Connelly Airport,Huayuanli,China,JTFS,ELR
Arnoldo Torp Airport,Świeradów-Zdrój,Poland,CLUJ,QXZ
Claud Kemmer Airport,El Calvario,Mexico,BHZV,JHC
Quinton Haley Airport,Amieiro,Portugal,XJGU,UQY
Hector Treutel Airport,Dvorovi,Bosnia and Herzegovina,TRAI,TKR
Christoper Weissnat Airport,Hang Dong,Thailand,LPAW,IYJ
Tonya Bashirian Airport,Měřín,Czech Republic,NPTG,LXZ
Vernie Emard Airport,Langue,Honduras,MJBI,STV
Theron Smith Airport,Klau,Indonesia,HLGU,WQD
Frank Abshire Airport,Esposende,Portugal,EDYV,EBN
Alexander Monahan Airport,Zhongtang,China,TYFL,OBF
Arlie Lynch Airport,Xiaochuan,China,EQMS,BND
Breanna Von Airport,Sanlicheng,China,VNOM,HAQ
Simon Ankunding Airport,Oakland,United States,SBQT,BQC
Marion Barton Airport,Chai Nat,Thailand,QMZL,SIT
Mitchell Nicolas Airport,Monastyrishche,Russia,RQKH,JHG
Ben Kemmer Airport,Kotayk’,Armenia,RMBN,AMD
Sunday Fahey Airport,Pochinki,Russia,YTXI,QZB
Miguel Terry Airport,Bafoussam,Cameroon,QEIY,FCP
Blanch Bergnaum Airport,Billings,United States,AILH,UVJ
Natisha Torp Airport,Mainque,Argentina,NJAP,RFL
Thanh Feest Airport,Paris La Défense,France,VOMN,DLU
Irwin Fadel Airport,Cô Tô,Vietnam,JIWV,PYQ
Williemae Fritsch Airport,Stockholm,Sweden,RLCT,QCL
Gail Denesik Airport,Ailuk,Marshall Islands,WBYT,HKW
Matt Stanton Airport,Zhangtan,China,DGVQ,SGC
Merlyn West Airport,El Guamo,Colombia,RQBS,XJP
Elmira Lindgren Airport,Limbaži,Latvia,BGQK,FNG
Valerie Weissnat Airport,Lapachito,Argentina,XMHY,LAH
Leigh Larkin Airport,Belsk Duży,Poland,UKCV,PNM
Lester Gleichner Airport,Columbus,United States,AQTO,PIF
Josette Lynch Airport,Dschang,Cameroon,FSGH,WNF
Towanda Murray Airport,Al Maḩallah al Kubrá,Egypt,GKYT,EDG
Del Lueilwitz Airport,Ojos de Agua,Honduras,ZQLB,TME
Thomas Hettinger Airport,Kuncen,Indonesia,WAXL,DIM
Jacquelynn Walsh Airport,Aix-en-Provence,France,ZQXG,JKA
Elbert Hane Airport,Baizhu,China,OEJM,VIY
Shona Champlin Airport,Yangshan,China,FGTP,SXU
Lou McKenzie Airport,Libourne,France,SLJP,ZQC
Michal Zboncak Airport,Besançon,France,GYNF,APH
Kimberley Von Airport,Qidi,China,AKZN,CEY
Darin Jast Airport,Santa Lucía Cotzumalguapa,Guatemala,WGYE,PUB
Everett McClure Airport,Shanghe,China,NYDS,CNH
Antwan Wunsch Airport,Portel,Brazil,OCHT,NDJ
Walton Jaskolski Airport,Myeik,Myanmar,GFRB,CVO
Danial Brekke Airport,Akhtarīn,Syria,CXGF,YED
Mayola Leuschke Airport,Saint Aubin,Mauritius,OEHB,EIO
Mark Gottlieb Airport,Jinzhou,China,BIDH,FDU
Yuonne Kunde Airport,Chãos,Portugal,ZVIF,SUQ
Altha Little Airport,San Alejandro,Philippines,QFZG,XDT
Isaias Wintheiser Airport,Quảng Ngãi,Vietnam,XLGN,QKG
Ellis Wilkinson Airport,Xhafzotaj,Albania,MLCU,XAT
Damon Lang Airport,Khūgyāṉī,Afghanistan,PVXO,THM
Derek Grant Airport,Chơn Thành,Vietnam,FGSZ,MDJ
Logan Bednar Airport,Kuala Terengganu,Malaysia,TNYF,JSX
Deangelo Hoeger Airport,Guéret,France,LMVF,QJV
Catrina Johns Airport,Karasuyama,Japan,VOPR,CRA
Spencer Cremin Airport,Yu’erhong,China,OQGB,RXC
Hellen Bednar Airport,Horní Libina,Czech Republic,QECN,RZX
Edward Heller Airport,Huaping,China,RQFJ,FRL
Alva Schamberger Airport,Saint-Égrève,France,SGLX,BHU
Wally Rippin Airport,Pacov,Czech Republic,NYEV,UMC
Tony Bradtke Airport,Karsin,Poland,ZFXE,PGW
Wilhelmina McKenzie Airport,Ban Lam Luk Ka,Thailand,VPBC,FBS
Hilary Dooley Airport,Vaxholm,Sweden,DMHP,HMG
Daine Bergstrom Airport,Sacsamarca,Peru,FVHZ,KVJ
Jefferson Sipes Airport,Barcarena,Brazil,ICUJ,GEB
Miss Feest Airport,Vostok,Russia,BGOU,GNU
Jamaal Grant Airport,Bongouanou,Ivory Coast,TWBU,FXT
Jeromy Ankunding Airport,Sangallaya,Peru,GEVZ,KVA
Millard Rath Airport,Porvenir,Uruguay,ATHS,LVU
Major Durgan Airport,Haoxinying,China,YJOR,IPB
Talitha Douglas Airport,Corinto,Colombia,NCMB,GUE
Alec Keeling Airport,Estancia,Philippines,AKVL,FRH
Lakesha Bergnaum Airport,Santa Eulália,Portugal,ODWG,JTQ
Edgardo Hahn Airport,San Miguel,Mexico,WFGT,DOT
Joseph Haag Airport,Abelheira,Portugal,ZPDU,XJW
Kenneth Baumbach Airport,Volary,Czech Republic,JSCF,ICM
Terry Watsica Airport,Boucherville,Canada,WCIV,HXI
Aleta Mraz Airport,Fonte Boa,Brazil,ZOGU,DOP
Harlan Kovacek Airport,Cruz,Portugal,INWQ,KJL
Marlon Auer Airport,Safakulevo,Russia,CBMI,PGN
Cherlyn Bartell Airport,Kaeng Khoi,Thailand,HSQK,SNQ
Dulcie Kihn Airport,Péplos,Greece,ZCYA,ZHD
Milan McDermott Airport,Al Manşūrah,Egypt,UVPL,OSX
Tiffanie Schulist Airport,Ngamba,Indonesia,GDIP,LNE
Jonathan Graham Airport,Dahuaishu,China,UVIM,ICA
Becki Beier Airport,Paris 08,France,DZEK,HUR
Genevive Ondricka Airport,Yangxunqiao,China,UNEX,USL
Kenisha Kulas Airport,Toyós,Honduras,NZTC,UXF
Herma Koepp Airport,Seoam,Indonesia,UXBE,ZXB
Doyle McCullough Airport,Nakhon Phanom,Thailand,YJEV,MXQ
Julienne Witting Airport,Ivanivka,Ukraine,NSHO,OYF
Chara Bradtke Airport,Najd al Jumā‘ī,Yemen,DAPF,IDU
Kristal Ratke Airport,Ishigaki,Japan,WIMG,UDX
Marquis Cummings Airport,Hatu Buh,China,MLYR,LIK
Marc Hessel Airport,Bor Ondor,China,XOLT,WOJ
Latoria Aufderhar Airport,Madrid,Philippines,KCQY,LOY
Ezequiel Hayes Airport,Gaoua,Burkina Faso,VJDI,MZL
Sang Kunze Airport,Rennes,France,YDVU,NXY
Angel Homenick Airport,Verkhniy Avzyan,Russia,HEFQ,UOB
Cary Zemlak Airport,Richmond,South Africa,GRDA,LYT
Charlie Bernhard Airport,Karmah an Nuzul,Sudan,JCFN,WJT
Robin Ullrich Airport,Kagawasan,Philippines,TPBG,JXF
Ned Harber Airport,Caotan,China,HIOX,EMC
Elroy Morar Airport,Ágios Andréas,Greece,LCXK,UAK
Shery Johnston Airport,Juyuan,China,QEYO,YIL
Brady Murphy Airport,Hājīganj,Bangladesh,VIMR,CRN
Jalisa Walker Airport,Bukovany,Czech Republic,GCQT,MDN
Peter Torphy Airport,Futian,China,JQPD,MTD
Ronnie Marvin Airport,Pilar,Philippines,MAKE,AJI
Porsche Reynolds Airport,Río Segundo,Argentina,TKPH,QZW
Melonie Witting Airport,Clarin,Philippines,YETP,NQO
Cassi Abernathy Airport,Hejia,China,HXBR,QAL
Chase Smitham Airport,Isangel,Vanuatu,UYAG,VYC
Simone Gutmann Airport,Vale de Mendiz,Portugal,EOYN,GJQ
Billie Rosenbaum Airport,Tiehe,China,JLHB,UWI
Elene Smith Airport,Svislach,Belarus,FKXG,KYN
Austin Kulas Airport,Ryōtsu-minato,Japan,ODCQ,KEZ
Glenn Dare Airport,Kansas City,United States,ZBTV,CEW
Yelena Kuhic Airport,Tubel,Indonesia,OTCV,GNL
Flor Abshire Airport,Goryachevodskiy,Russia,JRWH,KUF
Rudolf Torp Airport,Stockholm,Sweden,ZFTK,PKC
Layla Hamill Airport,Longping,China,UJDE,JDB
Randy Brekke Airport,Gaoyi,China,JHCG,YIZ
Nolan Spencer Airport,Baucau,East Timor,ZAPY,CDV
Shaquana Schumm Airport,Tuzhai,China,IDMU,CKN
Ben Schumm Airport,Pittsburgh,United States,HYCS,RFP
Linette Wiegand Airport,Melfi,Chad,WTGL,LPT
Maurice Kub Airport,San Miguelito,Panama,IWJP,SDE
Rudolph Kiehn Airport,Hluhluwe,South Africa,GWBR,XYI
Coralee Barrows Airport,Kabare,Democratic Republic of the Congo,QBJL,SQK
Coy Mills Airport,Nîmes,France,RKUA,CAW
Sal Prohaska Airport,Ust’-Abakan,Russia,NJZT,TQW
Wyatt Weissnat Airport,Lanxi,China,AXIP,DRT
Farah Rutherford Airport,Muskegon,United States,TXRG,QTO
Titus Zemlak Airport,Largo,United States,TRBA,NWL
Rutha Kuhn Airport,Mentaraman Satu,Indonesia,CLHE,XGI
Evan Carter Airport,Corralito,Argentina,ZXKB,PXE
Trevor Barton Airport,Soreang,Indonesia,CVKT,ZDX
Shantae Wunsch Airport,Tobruk,Libya,LEOQ,DVO
Sammy Mayert Airport,Petřvald,Czech Republic,NYZR,BHJ
Mindi Ruecker Airport,Qagan Obo,China,XEKU,YHI
Elton Lindgren Airport,Fanyang,China,DNHK,OPQ
Julietta Glover Airport,Nguigmi,Niger,QRCS,ULH
Windy Renner Airport,Ambelón,Greece,LMTG,IPK
Darell Auer Airport,Dubravica,Bosnia and Herzegovina,NLCU,BNR
Lara Hackett Airport,Bukowina Tatrzańska,Poland,RKIF,DIM
Jarrod Hessel Airport,Gunjur,Gambia,YUCR,NOD
Libbie Zieme Airport,Laxou,France,QSJE,TVO
Jarod Fritsch Airport,Pirok,Macedonia,LBCK,XDU
Jessie Kassulke Airport,Bočar,Serbia,QRTX,VIO
Kelley Koss Airport,28 de Noviembre,Argentina,XYIP,OAY
Harley Turcotte Airport,Poconé,Brazil,PRZL,SJM
Nora Collier Airport,San Isidro,Mexico,VBTZ,XEN
Terrell Lynch Airport,Bugul’ma,Russia,DIFR,NCB
Alec Hand Airport,Buseresere,Tanzania,MOZX,JFH
Kent Heaney Airport,Shuangxiqiao,China,BAWV,OAY
Sherlene Hermiston Airport,Dolega District,Panama,URBI,LGU
Chang Gerhold Airport,Bouna,Ivory Coast,YQVJ,EQY
Cheree Rolfson Airport,Bella Vista,Argentina,FCGB,DZE
Tyron Hills Airport,Nguru,Nigeria,QCZJ,GAT
Edna Ortiz Airport,Haugesund,Norway,RDFG,ULH
Adrianne Greenfelder Airport,Montpellier,France,LKXR,KGR
Kendall Kuvalis Airport,Notre Dame,Mauritius,UHWQ,JBX
Crissy Olson Airport,Honolulu,United States,YNRI,FSG
Benedict Koss Airport,San Jorge,Nicaragua,EPTF,YDV
Barbie Jakubowski Airport,Deder,Ethiopia,JTGV,NTL
Laurinda Friesen Airport,Zhumadian,China,FOUR,TPZ
Benjamin Sporer Airport,Griboyedov,Armenia,LWVP,MRF
Zenobia Beahan Airport,Parada de Pinhão,Portugal,UWVA,YCH
Elisa O'Reilly Airport,Chorotis,Argentina,FOAB,UNJ
Mitzi Auer Airport,Pechora,Russia,XZGR,YMK
Chi Daugherty Airport,Shiyaogou,China,TKJW,HVR
Homer Kovacek Airport,Sagang,Philippines,AKMD,ITF
Bradford Kuphal Airport,San Miguel,Peru,EWNP,DNQ
Jeniffer Cruickshank Airport,Cherven Bryag,Bulgaria,VESR,PHL
Lecia Klocko Airport,Bayang,Philippines,KEZU,WIL
Elaine Cartwright Airport,Borodino,Ukraine,WSJE,UYI
Kera Hyatt Airport,Kruty,Ukraine,PLAT,ZAB
Chanel Thompson Airport,Kez,Russia,NQSY,VPN
Michelina Crona Airport,Erdenet,Mongolia,EQBF,YWP
Dee Goodwin Airport,Kawanoechō,Japan,GCKS,SOL
Duncan Schaefer Airport,Paris 04,France,QOFW,FOM
Ignacia Upton Airport,København,Denmark,TRAY,MVW
Sherlyn Schaden Airport,Bahuang,China,OYPB,TZE
Abbie Lindgren Airport,Lantera,Indonesia,YOHQ,EVM
Basil Bartoletti Airport,Nailung,China,ZOEG,WFO
Francis Kovacek Airport,Libertad,Philippines,UOZE,HNY
Diana Reynolds Airport,Santo Tomé,Argentina,WBMP,WHQ
Alden Davis Airport,Tiguha,Philippines,OLSE,PUD
Naomi Anderson Airport,Penanggungan,Indonesia,PGTO,XQN
Theodore Sauer Airport,Le Mans,France,IQPX,DPC
Rosendo Gusikowski Airport,Cabannungan Second,Philippines,SUXE,JBY
Kathie Tromp Airport,Xintun,China,ZLIN,NMV
Merry Kuhlman Airport,Batojaran,Indonesia,ZNQK,FNY
Everett Waelchi Airport,Gainesville,United States,XEAQ,RWL
Tomeka Rowe Airport,Itacarambi,Brazil,HBMQ,NVL
Jody Steuber Airport,Cardal,Uruguay,GDOS,FSI
Star Stanton Airport,Kangle,China,SJVG,TDJ
Devora Fahey Airport,Taiping,China,SQZT,IVC
Stepanie Fritsch Airport,Adigeni,Georgia,CFVI,QNO
Lanette Shields Airport,Wierzchucino,Poland,VGBW,OVF
Melvin Yundt Airport,Kajiki,Japan,DVZB,RZN
Evelia Quigley Airport,Cusapín,Panama,FRDA,CYS
Wonda Runolfsson Airport,Cibanten,Indonesia,LZNO,VPN
Eldon Farrell Airport,Teluksantong,Indonesia,ESAD,YKW
Thi Reichel Airport,Tofol,Micronesia,EALY,VXE
Nolan Cole Airport,Kainantu,Papua New Guinea,XIET,QJU
Sharilyn Conn Airport,Rangxi,China,FCOD,KOW
Dominic Schiller Airport,Pavliš,Serbia,ZVQH,NYB
Rex Hermann Airport,Kalabo,Zambia,IRYO,XPO
