P<<Crooks<<Myrtie<<<<<<<<<<<<<<<<<<<<<<<L8314765KVOSARLW<<<<<<<<<<<4,415 Browning Circle,Male
P<Kautzer<Marisha<<<<<<<<<<<<<<<<<<<<<<O8L0XRM1812SCKRP7N<<<<<<<<<<9,7 Westerfield Park,Female
P<<Block<Daniell<<<<<<<<<<<<<<<<<<<<<<<<SYR0YY6EW12VM5F4Z7<<<<<<<<<<<<<<18,720 La Follette Pass,Male
P<Mosciski<<Mary<<<<<<<<<<<<<<<<<<<<<GPJP37KM37BST22CP<<<<<<<<<<<<<<2,5 8th Parkway,Male
P<Denesik<<Roosevelt<<<<<<<<<<<<<<<<<<<<<<NCSM56CS4FY9T261<<<<<<<<<<<<<<<72,991 Lighthouse Bay Court,Female
P<<Hettinger<Keli<<<<<<<<<<<<<<<<<<<<<<<<ALAT0MW5C8YZV2K3<<<<<<<<<<<<<<55,173 Drewry Avenue,Female
P<<Kihn<Tuan<<<<<<<<<<<<<<<<<<<<<<<<8S3I6UR8KHSRL7BH0M<<<<<<<<<<<<38,88333 Northridge Place,Female
P<<Leuschke<<Tu<<<<<<<<<<<<<<<<<<<<<TJ4XEOW96066948<<<<<<<<<<<<<<<04,8626 Blue Bill Park Place,Male
P<<Haag<Leda<<<<<<<<<<<<<<<<<<<<<<A6T857625AUAKVO9CP<<<<<<<<<<<<<2,2 Browning Parkway,Male
P<Hegmann<<Doyle<<<<<<<<<<<<<<<<<<<<<<<<895F10742I4M1CVD06LS<<<<<<<<<<<<<0,4010 Stang Point,Female
P<Bode<<Jamey<<<<<<<<<<<<<<<<<<<<<<<N8A00KOGA82014AN6F<<<<<<<<<<1,442 Paget Terrace,Female
P<<Becker<<Queen<<<<<<<<<<<<<<<<<<<<<<<TM0042N63QC851IV246<<<<<<<<<<<64,71823 Bonner Circle,Female
P<Hammes<Art<<<<<<<<<<<<<<<<<<<<<<9UV79D54AEDSEZ865<<<<<<<<<<<<<<83,8673 1st Crossing,Male
P<Tillman<Bobby<<<<<<<<<<<<<<<<<<<<<<<271KQ20P8DJ0KG3<<<<<<<<<<<<<54,3192 Vermont Way,Male
P<<Lind<<Darron<<<<<<<<<<<<<<<<<<<<<<<<<QN5QM6HHYBVWD76IS<<<<<<<<<<<<12,59 Harbort Circle,Male
P<Murazik<Daysi<<<<<<<<<<<<<<<<<<<<<O8Z52X4C60D3N2X<<<<<<<<<<<<<<<52,74 Rutledge Drive,Female
P<<McDermott<<Lucilla<<<<<<<<<<<<<<<<<<<<K028M2AHIO6I918<<<<<<<<<<<9,6 Park Meadow Center,Male
P<Dicki<Ida<<<<<<<<<<<<<<<<<<<<80D72DO425VE0702N9G5<<<<<<<<<<92,66 Sauthoff Junction,Male
P<Hahn<<Terry<<<<<<<<<<<<<<<<<<<<<<<<85Z4G20NZHC8BZ9SO3<<<<<<<<<<<<<<89,973 Westridge Crossing,Male
P<Renner<Marc<<<<<<<<<<<<<<<<<<<<G0HU5D7L78M89533G<<<<<<<<<<<<<48,3 Waubesa Center,Female
P<Koss<Dean<<<<<<<<<<<<<<<<<<<<<<FAJ86H9TFFL4CW7H8PZ<<<<<<<<<<<66,88 Fulton Drive,Female
P<Reilly<Denice<<<<<<<<<<<<<<<<<<<<22H3KB6XJ85BHF7974<<<<<<<<<<<<98,94909 Green Avenue,Female
P<<Hand<<Winston<<<<<<<<<<<<<<<<<<<<<<A853S63R4T9NE0031DB<<<<<<<<<<<2,4 Briar Crest Drive,Female
P<Abernathy<Winford<<<<<<<<<<<<<<<<<<<<<<1VID74B375CE0Z9DA9J<<<<<<<<<<<<6,0 Morning Drive,Female
P<<Murazik<Elmer<<<<<<<<<<<<<<<<<<<<<<EPB79S004P1S0HAWWG<<<<<<<<<<<<<<<06,8 Bluestem Drive,Female
P<<Feest<Sarina<<<<<<<<<<<<<<<<<<<<<<<0XF62N61116O09KL1H<<<<<<<<<<<<43,94 Sundown Avenue,Female
P<<Welch<<Willie<<<<<<<<<<<<<<<<<<<<<<<LCXIX652OOTXMAFK5F14<<<<<<<<<<<<<<<77,7226 Welch Terrace,Female
P<Gorczany<<Shayla<<<<<<<<<<<<<<<<<<<<<<<<<60EPK89170OF0J1J6<<<<<<<<<<99,060 American Way,Male
P<Rolfson<<Ernesto<<<<<<<<<<<<<<<<<<<<<29S89O2QDXX59X051<<<<<<<<<<<<85,09 Mayer Point,Female
P<Powlowski<<Sharie<<<<<<<<<<<<<<<<<<<<<<GP5C0A98NJ3C5PR<<<<<<<<<<42,8393 Oakridge Avenue,Male
P<<Bergstrom<Gemma<<<<<<<<<<<<<<<<<<<<076E84BD20QF2VYO<<<<<<<<<<<<52,39457 Redwing Way,Male
P<<Walter<Bobbi<<<<<<<<<<<<<<<<<<<<611433VF76PO5NO8D6N<<<<<<<<<<05,42 Mayer Trail,Male
P<Berge<Wyatt<<<<<<<<<<<<<<<<<<<<<<B73F08Z021384086F<<<<<<<<<<<<<3,442 Morning Court,Female
P<<Nikolaus<Winford<<<<<<<<<<<<<<<<<<<<<<7EO17SZDQ3U9FC87B954<<<<<<<<<<<33,18 8th Alley,Male
P<<Glover<Jasper<<<<<<<<<<<<<<<<<<<<<<<<3CPU842Z0X6Y0V3GNB<<<<<<<<<<<7,91 East Terrace,Male
P<<Rice<Hoyt<<<<<<<<<<<<<<<<<<<<2Z2V512D01WD48Q5CT0<<<<<<<<<<<<<<<9,46 Logan Court,Female
P<Hirthe<Christoper<<<<<<<<<<<<<<<<<<<<<<<71E7N3NQS499QFX0S<<<<<<<<<<<<<<<2,26 Hooker Junction,Male
P<<Denesik<Jared<<<<<<<<<<<<<<<<<<<<<<<<WS8XDO2Y95X6I12059W0<<<<<<<<<<<<<7,4642 Esker Avenue,Female
P<<Weissnat<Jenifer<<<<<<<<<<<<<<<<<<<<<PSLXQS2WSNG780NA20<<<<<<<<<<<<<<09,61 Vernon Crossing,Male
P<<Macejkovic<<Shala<<<<<<<<<<<<<<<<<<<<EVMFQQQ12VU7B86P<<<<<<<<<<<<<<<3,126 Northridge Alley,Female
P<Wolf<Clifton<<<<<<<<<<<<<<<<<<<<<<<<8DXDH47LJMX0KKD2<<<<<<<<<<<73,81 Derek Terrace,Male
P<<Mraz<Franchesca<<<<<<<<<<<<<<<<<<<<<B8961DSZ33291BRV240<<<<<<<<<<<<<<1,6098 Burning Wood Parkway,Male
P<Kirlin<<Joline<<<<<<<<<<<<<<<<<<<<<S1MTDIMU83KX70GGBSZ3<<<<<<<<<<<<7,972 Spenser Trail,Male
P<<Fisher<Lewis<<<<<<<<<<<<<<<<<<<<C9A4IE3XUDDPOB7<<<<<<<<<<<<<<<6,60 Hanover Park,Female
P<Smith<Sharonda<<<<<<<<<<<<<<<<<<<<5G74X442Q3PY85Y<<<<<<<<<<<<<<5,6 West Lane,Female
P<<Kozey<Delisa<<<<<<<<<<<<<<<<<<<<<<L36P55O2V1CV0541T09U<<<<<<<<<<<81,20 Roth Lane,Male
P<Considine<Merlin<<<<<<<<<<<<<<<<<<<<<B19T94AUP25L0UCHKD8R<<<<<<<<<<<25,110 Jay Circle,Female
P<<McGlynn<<Henriette<<<<<<<<<<<<<<<<<<<<03C32RAGB14MK1052WX5<<<<<<<<<<73,609 Crowley Hill,Female
P<Ledner<<Halina<<<<<<<<<<<<<<<<<<<<7Z887609AONHA5Y571D<<<<<<<<<<48,7638 Colorado Drive,Male
P<<Gutkowski<Ria<<<<<<<<<<<<<<<<<<<<<<<<9CGH9PZF2G7CW2331<<<<<<<<<<<<01,77 Bayside Hill,Male
P<<Auer<<Arnoldo<<<<<<<<<<<<<<<<<<<<<<<<<0M39H2038RC6D6N306<<<<<<<<<<<<<<<61,39 Oxford Street,Male
P<<Beier<Maria<<<<<<<<<<<<<<<<<<<<<<<Q30W2FNS6S1G8E366<<<<<<<<<<<<<6,804 Annamark Road,Male
P<Rempel<<Shanice<<<<<<<<<<<<<<<<<<<<<<<<M7ZYRTPN2125387T2V0K<<<<<<<<<<<46,5636 Killdeer Alley,Male
P<<Cormier<Floria<<<<<<<<<<<<<<<<<<<<<<<5Y3CH4031R3DRYMOR316<<<<<<<<<<<<<<<5,840 Ramsey Plaza,Female
P<<Nitzsche<<Candie<<<<<<<<<<<<<<<<<<<<<<<<68W76SI0L14HIQHUD<<<<<<<<<<<5,88 Forster Center,Female
P<Trantow<Sun<<<<<<<<<<<<<<<<<<<<<<<<<09NBGBQY80YDVMV9<<<<<<<<<<<<<<8,4 Cody Parkway,Male
P<<Cummerata<<Maynard<<<<<<<<<<<<<<<<<<<<<<<<<0P23FV2IBGF7W2657<<<<<<<<<<<91,4 Scott Trail,Male
P<Dare<Germaine<<<<<<<<<<<<<<<<<<<<<WP3J3C3C9TV87SA6Y<<<<<<<<<<<<<32,8109 Lake View Crossing,Female
P<Fritsch<Dean<<<<<<<<<<<<<<<<<<<<8KP75788I21E09T387<<<<<<<<<<<51,4925 Blackbird Place,Male
P<Stiedemann<<Andreas<<<<<<<<<<<<<<<<<<<<<<0152SMLVCI80NK1<<<<<<<<<<<<9,2 Northland Drive,Female
P<<Gutkowski<<Elsy<<<<<<<<<<<<<<<<<<<<<<<L374SF32PX25SACP89J<<<<<<<<<<<67,2303 Sachtjen Avenue,Female
P<<O'Keefe<<Edward<<<<<<<<<<<<<<<<<<<<VES5CZOK6Q2247O3<<<<<<<<<<21,2 Jackson Lane,Male
P<<Ferry<<Jae<<<<<<<<<<<<<<<<<<<<<<<0P1ZNDX424J0OT0<<<<<<<<<<<<<<8,73 Golf Course Place,Female
P<<Adams<<Tommy<<<<<<<<<<<<<<<<<<<<<<SD0751W08IVL4Y0B1GN<<<<<<<<<<<<<68,2104 Forest Circle,Male
P<Keeling<<Roscoe<<<<<<<<<<<<<<<<<<<<<<H1OE2T4VZ79SE470<<<<<<<<<<<<43,4 Brentwood Drive,Male
P<<Ullrich<<Kati<<<<<<<<<<<<<<<<<<<<<<<<3DPNH71Z20XSBOJO9<<<<<<<<<<<<<<68,66 Dunning Crossing,Female
P<<Cummings<<Emile<<<<<<<<<<<<<<<<<<<<40R40OKO7HQ2UR06W<<<<<<<<<<<<<<<56,03 Helena Avenue,Female
P<McCullough<Arianne<<<<<<<<<<<<<<<<<<<<<<<<WI72JGJ038067UG536<<<<<<<<<<<<<9,11695 Melby Crossing,Male
P<Sanford<Hunter<<<<<<<<<<<<<<<<<<<<<<<<162GU006A34JW99I1W<<<<<<<<<<<<<<9,438 American Center,Male
P<Paucek<<Ted<<<<<<<<<<<<<<<<<<<<<MQUD7I0K2798K96P4<<<<<<<<<<8,8 Messerschmidt Place,Male
P<Legros<<Leatha<<<<<<<<<<<<<<<<<<<<1X60K5623156G8R<<<<<<<<<<<<3,25 Hayes Court,Male
P<<Metz<<Hai<<<<<<<<<<<<<<<<<<<<<793HG32CQCC01D4E<<<<<<<<<<<<0,451 Nova Park,Male
P<<Collins<<Jodi<<<<<<<<<<<<<<<<<<<<CS0Z6R1442MVXDM163<<<<<<<<<<<<<<<2,8084 Mallory Avenue,Female
P<Halvorson<Ernestine<<<<<<<<<<<<<<<<<<<<<<GTJ3BZ1B32I9MMTT7SXR<<<<<<<<<<<<23,157 Rutledge Avenue,Female
P<<Effertz<Ute<<<<<<<<<<<<<<<<<<<<<01E7H6MUZD0FJ8R<<<<<<<<<<<<<<<5,0 Trailsway Hill,Female
P<Berge<Emiko<<<<<<<<<<<<<<<<<<<<<<<<3Q4VG499AS39UOKUR<<<<<<<<<<<<<<6,202 Cherokee Avenue,Male
P<Batz<Daniel<<<<<<<<<<<<<<<<<<<<<<1P8D5ENA710R2O1U1A<<<<<<<<<<<<56,441 Eagan Way,Female
P<<Sanford<Noel<<<<<<<<<<<<<<<<<<<<<<<<<82E5VQEE0AN63J79FZ21<<<<<<<<<<<<<<49,36670 Calypso Pass,Male
P<Harvey<Evan<<<<<<<<<<<<<<<<<<<<L0VP8RD00OF6AC1G<<<<<<<<<<<77,5244 Maple Wood Terrace,Female
P<Lind<Lyndon<<<<<<<<<<<<<<<<<<<<<<<HNK1B3M38W1084N<<<<<<<<<<<<58,048 Blaine Avenue,Female
P<Kshlerin<Cathy<<<<<<<<<<<<<<<<<<<<<<<<50Z53O1O2NFB2E53<<<<<<<<<<<2,38206 2nd Junction,Male
P<<Bogan<Orpha<<<<<<<<<<<<<<<<<<<<<<P5RZQ5V3LGXIB42M<<<<<<<<<<<<<57,24608 West Crossing,Male
P<Gerhold<Jona<<<<<<<<<<<<<<<<<<<<<<<V373B97Z9S895BA<<<<<<<<<<<<13,85175 Dayton Trail,Female
P<Schmeler<Randolph<<<<<<<<<<<<<<<<<<<<<<13R0KP1539BL55M<<<<<<<<<<<<<<84,6852 Barnett Terrace,Male
P<Davis<<Elsa<<<<<<<<<<<<<<<<<<<<<<<0UV7B87R3HD60429<<<<<<<<<<<<<79,9 Jana Avenue,Male
P<<Bogan<<Dot<<<<<<<<<<<<<<<<<<<<<<<950B8V1RD4HXCZAGP404<<<<<<<<<<<<<<2,272 Burrows Trail,Female
P<<Welch<<Sebastian<<<<<<<<<<<<<<<<<<<<<<<H3DN3ETVXQ1B58QQ<<<<<<<<<<<<<<11,9264 Erie Avenue,Female
P<Hane<<Broderick<<<<<<<<<<<<<<<<<<<<<<935007S29D6JM0IR<<<<<<<<<<<44,7877 Moose Trail,Female
P<<Emmerich<<Magdalena<<<<<<<<<<<<<<<<<<<<<5W6HWX2W22CR4SC1<<<<<<<<<<<<<13,53638 Del Sol Plaza,Male
P<<Doyle<<Lakendra<<<<<<<<<<<<<<<<<<<<<19I519MFS0RJB54A<<<<<<<<<<<<0,66168 Ohio Point,Male
P<<Beier<<Rey<<<<<<<<<<<<<<<<<<<<<8IRBNH852MQ14A8N44<<<<<<<<<<<<<<<92,901 Fisk Terrace,Male
P<<Lowe<Chang<<<<<<<<<<<<<<<<<<<<WB4B33DF80Q82R9Y<<<<<<<<<<3,39 Oneill Pass,Male
P<Green<Krishna<<<<<<<<<<<<<<<<<<<<<<6YURD3B88LP1TY71K72<<<<<<<<<<<<6,40135 Norway Maple Court,Male
P<Green<Kelly<<<<<<<<<<<<<<<<<<<<<<<<E33SPMH5087E08I3UO<<<<<<<<<<<<<<5,43298 Pepper Wood Terrace,Male
P<Hyatt<<Taylor<<<<<<<<<<<<<<<<<<<<<<<KOXSPS0HL50EFPNIR23<<<<<<<<<<<<<<<00,075 Shopko Alley,Male
P<Macejkovic<Noel<<<<<<<<<<<<<<<<<<<<<<LLF8K0B62N2P2666Q6A<<<<<<<<<<<<<4,6763 Clove Alley,Male
P<Jones<Clemente<<<<<<<<<<<<<<<<<<<<<<50S9M7F3DMU7BOUAH796<<<<<<<<<<<<<1,75602 Montana Terrace,Female
P<Wisoky<<Eula<<<<<<<<<<<<<<<<<<<<<<<<<63D08YD9W0N4MU9<<<<<<<<<<<<94,376 Vermont Avenue,Female
P<Sipes<Windy<<<<<<<<<<<<<<<<<<<<<<<<D3565Z3P1A8V769D<<<<<<<<<<<9,8 Hallows Point,Female
P<Kihn<<Verline<<<<<<<<<<<<<<<<<<<<<<<<58O0LZQ1G10455UL65N<<<<<<<<<<<<<91,10 Marcy Terrace,Female
P<<Rosenbaum<<Bella<<<<<<<<<<<<<<<<<<<<<<7QS1P4S8CWCO792Q<<<<<<<<<<<<<<3,7191 Reinke Road,Male
P<<Romaguera<Yong<<<<<<<<<<<<<<<<<<<<<<G2P51CCZB594R0NM<<<<<<<<<<<<34,263 Nevada Terrace,Male
P<<Hudson<Lea<<<<<<<<<<<<<<<<<<<<<<<GARZJ8821GM7J4WQ58<<<<<<<<<<<<<5,36883 Corry Terrace,Female
P<<Murazik<<Ethel<<<<<<<<<<<<<<<<<<<<<7SATJEY5KY976B1Z2X<<<<<<<<<<<20,04 Florence Road,Female
P<Prohaska<Bradford<<<<<<<<<<<<<<<<<<<<<<9U20ZC7SB7859B9SO0<<<<<<<<<<<<<<<03,03204 Garrison Parkway,Male
P<<Homenick<Delinda<<<<<<<<<<<<<<<<<<<<<20YQ3ATF91M8Z5FN7N<<<<<<<<<<<<3,59 Lakeland Trail,Male
P<<Kautzer<Jeremy<<<<<<<<<<<<<<<<<<<<<45RLV142QT0E9Q9<<<<<<<<<<<<<8,94 Ruskin Pass,Male
P<Brekke<<Heide<<<<<<<<<<<<<<<<<<<<<<5WU49LMC83387BA<<<<<<<<<<<39,65821 Corscot Pass,Female
P<Schmidt<<Wendell<<<<<<<<<<<<<<<<<<<<<<N53MZ8B7094T77L2I<<<<<<<<<<<<1,40 Springview Avenue,Male
P<<Hettinger<Nicholas<<<<<<<<<<<<<<<<<<<<<SBF73A6X9GEL543M7B3<<<<<<<<<<<<<1,65 Lien Center,Male
P<Ziemann<Walker<<<<<<<<<<<<<<<<<<<<<<<XTNJ671J916W736E<<<<<<<<<<<<<7,9617 Becker Alley,Female
P<Kutch<Les<<<<<<<<<<<<<<<<<<<<8142975J6C6UBWK449<<<<<<<<<<<<8,9 Evergreen Road,Male
P<<Streich<Augustine<<<<<<<<<<<<<<<<<<<<<7PTH6ZEN24T29OA8E6<<<<<<<<<<<<<5,762 3rd Drive,Female
P<<O'Kon<<Angila<<<<<<<<<<<<<<<<<<<<<<<<K21F151A8D951G2CL86H<<<<<<<<<<<<<<<8,0 Buell Place,Male
P<Wiza<Camille<<<<<<<<<<<<<<<<<<<<<9R5B6YQB9F748080X<<<<<<<<<<<<<<1,5763 New Castle Pass,Male
P<<Hintz<<Ellena<<<<<<<<<<<<<<<<<<<<<<<NC769QE7V8X9A90Y<<<<<<<<<<<<<<84,5230 East Alley,Female
P<Smith<<Leighann<<<<<<<<<<<<<<<<<<<<<<DR56HA9RPLZ4263A<<<<<<<<<<<<<<<1,8 Sheridan Street,Female
P<<Zemlak<<Marcellus<<<<<<<<<<<<<<<<<<<<<P0NYIFE9G39C1Q3T6D6<<<<<<<<<<<<<<<7,2 Farwell Parkway,Male
P<<Gleason<Dusty<<<<<<<<<<<<<<<<<<<<<<<C5P35D4WS8Q410K29FN<<<<<<<<<<<<<<<4,78350 Menomonie Pass,Female
P<Kuvalis<<Pa<<<<<<<<<<<<<<<<<<<<<D0T064722Q41FISJR24<<<<<<<<<<<<<0,462 Hazelcrest Pass,Male
P<<O'Conner<Tyrone<<<<<<<<<<<<<<<<<<<<<<<<FL73LOFPI93C8U0KV84<<<<<<<<<<<<<<15,541 Loftsgordon Trail,Male
P<Smith<<Tomi<<<<<<<<<<<<<<<<<<<<<<<<<136WEHS83V7FR5LS861<<<<<<<<<<<1,44189 Westport Street,Male
P<<Pacocha<Audra<<<<<<<<<<<<<<<<<<<<<<<2U4T3N44H0J6OB0DT02W<<<<<<<<<<86,16770 Elka Way,Female
P<<Kautzer<Josh<<<<<<<<<<<<<<<<<<<<<<80Q4EJ46ZCW487W95475<<<<<<<<<<<<<0,7575 Artisan Junction,Male
P<<Kulas<Amado<<<<<<<<<<<<<<<<<<<<<04PHS62HH0YD8T07KMO3<<<<<<<<<<<<<<<48,0489 Kropf Point,Male
P<<Hilpert<<Andrea<<<<<<<<<<<<<<<<<<<<<<<<CTNC8548SI9G2ZB6M52D<<<<<<<<<<<03,50 Charing Cross Circle,Female
P<<Pfeffer<Eldridge<<<<<<<<<<<<<<<<<<<<SUD76Y1C4PC0OQK8XWI<<<<<<<<<<<<<<89,7 Center Court,Male
P<<McClure<Truman<<<<<<<<<<<<<<<<<<<<<<<6165OM160A6T450<<<<<<<<<<7,658 Burrows Center,Male
P<<Mraz<Marc<<<<<<<<<<<<<<<<<<<<<35Q9K6T08U0V4R2Z24TY<<<<<<<<<<<<09,33460 Di Loreto Avenue,Female
P<Kemmer<<Kieth<<<<<<<<<<<<<<<<<<<<<<<<9J3926BOF9I4Z4EX614L<<<<<<<<<<<<<0,12651 Northport Circle,Female
P<Harris<<Vernon<<<<<<<<<<<<<<<<<<<<<<<<<DQ7840CK97FDJ1W1795<<<<<<<<<<<<<<<7,268 Fremont Park,Female
P<<O'Kon<<Eddy<<<<<<<<<<<<<<<<<<<<<<<<<WODR07A9IRTC14M<<<<<<<<<<<<<<56,839 Scott Center,Male
P<<Weissnat<<Emmitt<<<<<<<<<<<<<<<<<<<<<<SOUL6YANH75C58Q2<<<<<<<<<<<<<<6,36207 Daystar Circle,Male
P<Nader<Gil<<<<<<<<<<<<<<<<<<<<79457G69UY87631WER<<<<<<<<<<<7,15146 Becker Trail,Female
P<Wiegand<Kalyn<<<<<<<<<<<<<<<<<<<<<BM1854Q52U86498<<<<<<<<<<29,4 Onsgard Court,Male
P<<Nicolas<<Santiago<<<<<<<<<<<<<<<<<<<<<<<<4L91H7QV12FZXAZE<<<<<<<<<<<<2,99 Knutson Point,Male
P<<Klein<<Evon<<<<<<<<<<<<<<<<<<<<<RI5MD218IXGCQIC527E1<<<<<<<<<<<<<<<24,1927 Claremont Trail,Female
P<Miller<<Jonathan<<<<<<<<<<<<<<<<<<<<6XQTOF13AX5W998L4<<<<<<<<<<<76,01750 Garrison Street,Female
P<<Schowalter<<Fidel<<<<<<<<<<<<<<<<<<<<<<1GLMN5U906L2ZA7N9<<<<<<<<<<<<<<<19,68089 Jenna Center,Male
P<<Bailey<Dong<<<<<<<<<<<<<<<<<<<<0O28W8Q424207R5O8Q0<<<<<<<<<<<<<33,94 Crest Line Plaza,Male
P<Jerde<<Boyd<<<<<<<<<<<<<<<<<<<<<<0824499T66X6TR39022B<<<<<<<<<<<<1,3 Texas Parkway,Female
P<Gerlach<<Letty<<<<<<<<<<<<<<<<<<<<<<<<7H01551138Y3SR8DJ00<<<<<<<<<<87,81 Mccormick Pass,Female
P<Roberts<Luigi<<<<<<<<<<<<<<<<<<<<<<K8WBYUF33U23WEY7C243<<<<<<<<<<<<<<<52,2 Chive Road,Male
P<Konopelski<Deena<<<<<<<<<<<<<<<<<<<<<<<<WB0R4Y74891721JVA<<<<<<<<<<<7,648 Commercial Hill,Male
P<Koelpin<<Isabelle<<<<<<<<<<<<<<<<<<<<<PDXO651717UA9X5G613<<<<<<<<<<1,3567 Fairview Drive,Female
P<<Weimann<Nakita<<<<<<<<<<<<<<<<<<<<<<65594A6HJO05NAC40W2<<<<<<<<<<<<<49,17843 Sheridan Alley,Female
P<<Gleichner<<Crystle<<<<<<<<<<<<<<<<<<<<<<S172321X691E4HB71Q<<<<<<<<<<<<<8,784 Lillian Crossing,Female
P<Schultz<Federico<<<<<<<<<<<<<<<<<<<<<42ZVB8D2JV2T0M4N9KX<<<<<<<<<<<<90,258 Lillian Way,Female
P<<Rau<Antoine<<<<<<<<<<<<<<<<<<<<<<<2WNTOC5GBJ78383171<<<<<<<<<<01,803 Lien Way,Female
P<<Schuster<<Leonie<<<<<<<<<<<<<<<<<<<<<DRIV8RF29SPA0I2J50X<<<<<<<<<<3,08 Quincy Drive,Female
P<<Cummings<Malik<<<<<<<<<<<<<<<<<<<<<<<<<A53DA64X1J0EZ243<<<<<<<<<<<<02,46412 Gateway Parkway,Male
P<<Dach<<Columbus<<<<<<<<<<<<<<<<<<<<<74MM668L49RUY3OK3F3<<<<<<<<<<<<<4,80 Saint Paul Parkway,Female
P<<Bosco<Lourdes<<<<<<<<<<<<<<<<<<<<<Y587Z218DU9OW90674NI<<<<<<<<<<<59,730 Macpherson Lane,Male
P<<Morissette<<Carey<<<<<<<<<<<<<<<<<<<<<<<<<A21JDVY5WZO5UBN9<<<<<<<<<<<<<<43,78 Butternut Junction,Male
P<Dibbert<Rory<<<<<<<<<<<<<<<<<<<<<<<<QECJ2157CR94X51U92HH<<<<<<<<<<<8,9509 La Follette Terrace,Female
P<Brown<Lajuana<<<<<<<<<<<<<<<<<<<<76D90D2XGNFUU2O36O<<<<<<<<<<<<<73,5 Prentice Crossing,Female
P<<Mosciski<<Modesto<<<<<<<<<<<<<<<<<<<<M6HLFMXU28U70B5ZH3<<<<<<<<<<<<<0,2481 Almo Center,Male
P<Schuster<Maryland<<<<<<<<<<<<<<<<<<<<28569M0MXI99X52W8<<<<<<<<<<<<<26,06694 Buell Way,Female
P<Bins<Nelly<<<<<<<<<<<<<<<<<<<<<<<<<2X7P22L86MULE22<<<<<<<<<<<<<54,89 Packers Avenue,Male
P<<Crooks<Opal<<<<<<<<<<<<<<<<<<<<794D5H7RPD6R4VWZL08L<<<<<<<<<<<5,4 Gale Alley,Male
P<Gorczany<<Keri<<<<<<<<<<<<<<<<<<<<<<<06227Z444AYHDM35<<<<<<<<<<4,019 Grover Place,Female
P<<Torp<<Lesia<<<<<<<<<<<<<<<<<<<<<<<<8Y9V1167T828U0BYKR5L<<<<<<<<<<<<6,0 Utah Avenue,Male
P<Torphy<<Marcelina<<<<<<<<<<<<<<<<<<<<856CYZZ2Q77P0D3A<<<<<<<<<<<<2,9 Hovde Street,Female
P<<Goyette<<Chauncey<<<<<<<<<<<<<<<<<<<<<<<<<OO90N225NXPE6VO4UQ8E<<<<<<<<<<<4,4 Clove Junction,Female
P<<Marquardt<Donte<<<<<<<<<<<<<<<<<<<<<<<1S0F5EC8V9JD968Z3W<<<<<<<<<<<<<6,6 Pleasure Hill,Male
P<<Hane<<Eufemia<<<<<<<<<<<<<<<<<<<<61ZT406K950K867<<<<<<<<<<<<<<11,8697 Anderson Plaza,Male
P<Abernathy<<Wanda<<<<<<<<<<<<<<<<<<<<<R773WSIAH16ME15V6248<<<<<<<<<<<<<<18,3245 Muir Court,Male
P<Friesen<<Silvia<<<<<<<<<<<<<<<<<<<<<<<V9Q3SYG3CJP69F8D7<<<<<<<<<<<94,0 4th Pass,Male
P<<Carroll<<Danae<<<<<<<<<<<<<<<<<<<<<<<<<8O891156459N204UCT<<<<<<<<<<<68,8 South Hill,Female
P<Feil<<Anibal<<<<<<<<<<<<<<<<<<<<<I1Q8CYIDGWJ51REP0<<<<<<<<<<<<70,3406 Mayer Plaza,Female
P<<Durgan<<Leonida<<<<<<<<<<<<<<<<<<<<<0D72280F530P1NF<<<<<<<<<<<2,342 Mockingbird Avenue,Male
P<Padberg<Mose<<<<<<<<<<<<<<<<<<<<<<YM01C217564I9Q9VA<<<<<<<<<<<<<48,2 Crownhardt Crossing,Male
P<<Dickinson<<Jule<<<<<<<<<<<<<<<<<<<<1EE85XK84RE5O307<<<<<<<<<<5,030 Declaration Center,Female
P<Little<Benjamin<<<<<<<<<<<<<<<<<<<<<<O39NQNG945C16KGU6236<<<<<<<<<<<<<<<8,72 Morningstar Point,Male
P<Johns<<Benjamin<<<<<<<<<<<<<<<<<<<<<<<<763732ZPD788CSY67E<<<<<<<<<<<17,30357 Lukken Street,Female
P<Conn<<Tara<<<<<<<<<<<<<<<<<<<<<<<<A7U0U813DG601247Z4N9<<<<<<<<<<<<02,3 Morningstar Center,Male
P<<Parisian<<Raul<<<<<<<<<<<<<<<<<<<<<<<<NNZ98TU2SM80N07P4W25<<<<<<<<<<<<<9,5 Scofield Plaza,Male
P<Herzog<Virgina<<<<<<<<<<<<<<<<<<<<<<<R0GBU6FURC3500DTRX61<<<<<<<<<<<<<<<81,4434 Thackeray Terrace,Female
P<<Wyman<<Tish<<<<<<<<<<<<<<<<<<<<<<05AM036A8YTGX2PVE78<<<<<<<<<<02,1646 Summit Circle,Male
P<Feest<Lacy<<<<<<<<<<<<<<<<<<<<<<<6F8OUZIX6Z6EPP30784<<<<<<<<<<<<<32,7 Petterle Place,Male
P<Hansen<<Jess<<<<<<<<<<<<<<<<<<<<<<<<<57JE7IU549WNE66<<<<<<<<<<<<<<<6,6 Drewry Place,Female
P<<Lindgren<<Paul<<<<<<<<<<<<<<<<<<<<<<<<<25T72MS2NFGC4D30<<<<<<<<<<<<<<2,6165 Carioca Junction,Male
P<Olson<Jerrold<<<<<<<<<<<<<<<<<<<<<<<<<53O31RP2LYKF1W0<<<<<<<<<<<72,2 Lillian Alley,Female
P<<Stamm<<Man<<<<<<<<<<<<<<<<<<<<<<<<3TX79658P9BGBJRIX<<<<<<<<<<5,5 Fulton Terrace,Male
P<Schiller<Shayla<<<<<<<<<<<<<<<<<<<<<R6FK36111AGU21ACA<<<<<<<<<<<<<<<9,74729 Mifflin Plaza,Female
P<<Runte<Grisel<<<<<<<<<<<<<<<<<<<<<<<V220JSGUV706WH11XG<<<<<<<<<<<<<65,6481 6th Court,Female
P<Schinner<Kenton<<<<<<<<<<<<<<<<<<<<<80NF5K5T9DFI0NL74O1R<<<<<<<<<<<<<39,57433 Linden Parkway,Male
P<<Ferry<<Eli<<<<<<<<<<<<<<<<<<<<<<<<8FT9YFCSBMJO21EU7D6G<<<<<<<<<<<<83,413 Dixon Street,Male
P<Beer<<Jefferey<<<<<<<<<<<<<<<<<<<<<<<<<NQ9C3V5857C2YBV7T1<<<<<<<<<<<<<<<1,23 2nd Park,Male
P<<Reinger<<Tianna<<<<<<<<<<<<<<<<<<<<<<<1Z46S92T0755574IM7G<<<<<<<<<<<<<84,1 Kensington Way,Female
P<Jones<Scarlet<<<<<<<<<<<<<<<<<<<<<<<378E2VF56AS1Z8QBZX1G<<<<<<<<<<<1,3 Loomis Way,Male
P<<Skiles<Santo<<<<<<<<<<<<<<<<<<<<950J1Z7560P1LW7S<<<<<<<<<<<<<2,69275 3rd Alley,Male
P<<Herzog<Thea<<<<<<<<<<<<<<<<<<<<<<6S7347169Y15T52485BP<<<<<<<<<<<<56,89637 Utah Hill,Male
P<<Zulauf<Despina<<<<<<<<<<<<<<<<<<<<H3AH7JG41058CU3NZ5<<<<<<<<<<<<<<19,793 Jackson Lane,Female
P<Heidenreich<<Katy<<<<<<<<<<<<<<<<<<<<<61M73H0LXEOOL273Y<<<<<<<<<<<4,3663 Monterey Junction,Female
P<Pfannerstill<Russel<<<<<<<<<<<<<<<<<<<<<QCJ5OKCSKH31W1375<<<<<<<<<<<<<<2,523 Sauthoff Hill,Male
P<Bayer<Wes<<<<<<<<<<<<<<<<<<<<<<<P79IANUG4039T6548BS7<<<<<<<<<<<52,48 Boyd Place,Female
P<<Hermann<<Curt<<<<<<<<<<<<<<<<<<<<<<REFO00G6UTGPRVD<<<<<<<<<<<<<7,33985 Oxford Avenue,Male
P<Kuhn<<Leanna<<<<<<<<<<<<<<<<<<<<<8CJ9SS4F127ZRWP5Z6<<<<<<<<<<<<21,63 Ronald Regan Lane,Female
P<<Kihn<Philomena<<<<<<<<<<<<<<<<<<<<<L7P6638U113WU94T4L<<<<<<<<<<<<<<57,98377 Spohn Circle,Male
P<Cole<Launa<<<<<<<<<<<<<<<<<<<<<<<942X68XM0493423490FY<<<<<<<<<<<<<<63,9 Lien Circle,Male
P<Kohler<Mauricio<<<<<<<<<<<<<<<<<<<<<<5LFW5T1FRX1ZD5KK<<<<<<<<<<57,20225 Pond Pass,Male
P<<Boyer<<Elene<<<<<<<<<<<<<<<<<<<<<<<<KZH7A2789A9461RF0<<<<<<<<<<<<71,2928 Johnson Parkway,Male
P<Bernhard<Myrl<<<<<<<<<<<<<<<<<<<<<<<LQW1TU9XK0B00RO57D1<<<<<<<<<<<<<<2,167 Independence Parkway,Female
P<Huels<Doyle<<<<<<<<<<<<<<<<<<<<<<<<<H8AFX0X031839VYYM<<<<<<<<<<<<<<<39,26 Londonderry Alley,Female
P<<Skiles<<Kristine<<<<<<<<<<<<<<<<<<<<8POB497ID42Q86K6<<<<<<<<<<2,48596 Chive Crossing,Male
P<Considine<Christina<<<<<<<<<<<<<<<<<<<<<<<<<Q586U69DQZR59LO0P9<<<<<<<<<<<<<<66,1 Loftsgordon Court,Male
P<<Price<Roland<<<<<<<<<<<<<<<<<<<<<<<<U46DSC4E3CRJW616P8L1<<<<<<<<<<<7,227 Novick Plaza,Male
P<Dooley<Julienne<<<<<<<<<<<<<<<<<<<<7B87XP01Z562WRF4P2X<<<<<<<<<<<<29,1 Susan Avenue,Male
P<Yost<King<<<<<<<<<<<<<<<<<<<<<<<27J43OTX68UVZ0846<<<<<<<<<<<<<4,39 Golf Alley,Male
P<Hodkiewicz<<Leila<<<<<<<<<<<<<<<<<<<<<67884M1UVW9Q7YRS<<<<<<<<<<<99,163 Myrtle Lane,Female
P<Jakubowski<<Asia<<<<<<<<<<<<<<<<<<<<<<<<<1DH149Z839SX8E41YGW<<<<<<<<<<9,6 Westridge Park,Female
P<Rath<<Rolando<<<<<<<<<<<<<<<<<<<<13P71Q351SSF1XF19H<<<<<<<<<<<<3,036 Bultman Alley,Male
P<Kulas<Maile<<<<<<<<<<<<<<<<<<<<<Q43TN1A980K1JE27064J<<<<<<<<<<<<<<72,0 Hintze Court,Female
P<<Brown<Janelle<<<<<<<<<<<<<<<<<<<<<59Z7SMC057I7QI6958P7<<<<<<<<<<<<<<<38,6697 Graedel Lane,Female
P<<Stracke<<Quinn<<<<<<<<<<<<<<<<<<<<<<<<<B79M44P3HWZ1T306KQNP<<<<<<<<<<<<<<<04,685 Havey Terrace,Male
P<Cormier<<Kami<<<<<<<<<<<<<<<<<<<<<FK6RR60EI82J36X011Z5<<<<<<<<<<66,9 Arizona Avenue,Male
P<<Zemlak<Beverlee<<<<<<<<<<<<<<<<<<<<<8U76FLQ5B0911657BM53<<<<<<<<<<<<<11,162 Shasta Circle,Female
P<<Altenwerth<<Latina<<<<<<<<<<<<<<<<<<<<<<<<8749B67C0O6P4283<<<<<<<<<<6,11170 Russell Alley,Female
P<Labadie<<Sima<<<<<<<<<<<<<<<<<<<<<<<<<W2E4TO6BFZYIQUYOM55<<<<<<<<<<<92,91 Garrison Street,Female
P<Gusikowski<Lizzie<<<<<<<<<<<<<<<<<<<<<<<<VA3PY31XXAI9W2X589L<<<<<<<<<<<<54,9 Blackbird Point,Female
P<<Jacobs<Brandon<<<<<<<<<<<<<<<<<<<<<<47XXSZ144N9X21V1OYT<<<<<<<<<<<<<7,282 Del Mar Pass,Female
P<Frami<<Erwin<<<<<<<<<<<<<<<<<<<<<<<<<4ZRKVIGBGJ5KX7S0K91<<<<<<<<<<<<<8,2 Elmside Hill,Male
P<<Gottlieb<<Warner<<<<<<<<<<<<<<<<<<<<<<<<297G29114R5A8G773<<<<<<<<<<<<1,572 Monica Plaza,Female
P<<Yundt<<Keri<<<<<<<<<<<<<<<<<<<<<<<<80XZI431243Q5OWJKX<<<<<<<<<<<<<5,9 Onsgard Drive,Male
P<Gislason<Dexter<<<<<<<<<<<<<<<<<<<<<<<<<2548368PH6SU556N9<<<<<<<<<<<<<1,6602 Independence Center,Female
P<<Schuster<<Corina<<<<<<<<<<<<<<<<<<<<<<<ZZD574378GO3FZ23R<<<<<<<<<<<<<<53,5 Annamark Center,Male
P<Gibson<<Dylan<<<<<<<<<<<<<<<<<<<<55MEE5JEW9VT0K9V<<<<<<<<<<<<<60,0065 Crest Line Center,Female
P<<Boehm<Abdul<<<<<<<<<<<<<<<<<<<<<<<<<6267BD1L9D8XE3JW0<<<<<<<<<<<<<<19,676 Milwaukee Lane,Male
P<<Carroll<<Mathew<<<<<<<<<<<<<<<<<<<<<<<<E8752C3Q53IT351<<<<<<<<<<<<<<97,67 Rockefeller Court,Female
P<<Glover<Fran<<<<<<<<<<<<<<<<<<<<<T4Y3S1XVLJHP8CB2M<<<<<<<<<<<<<59,292 Spohn Hill,Male
P<Fadel<Debroah<<<<<<<<<<<<<<<<<<<<<<<<81TPUWV8K64D0GN<<<<<<<<<<<<<<<3,58178 Buhler Place,Male
P<Gleason<<Werner<<<<<<<<<<<<<<<<<<<<<<<<L0U1Z2RSS5OH8E709M<<<<<<<<<<<<<<<56,25 Almo Drive,Female
P<Rosenbaum<<Joel<<<<<<<<<<<<<<<<<<<<<415C5H220R25VD1I<<<<<<<<<<<<<<32,338 Dexter Drive,Male
P<Dickens<<Claudio<<<<<<<<<<<<<<<<<<<<<<<806QB5859K7MS6G1692<<<<<<<<<<<<<0,18342 Schiller Crossing,Female
P<<Nitzsche<Gary<<<<<<<<<<<<<<<<<<<<<<<<L29K47S8SO8KVH70H<<<<<<<<<<<<28,26946 Knutson Drive,Female
P<<Skiles<Leora<<<<<<<<<<<<<<<<<<<<<U05BN095MXMWEG65NML2<<<<<<<<<<<<<<<45,8 Swallow Place,Female
P<Walter<<Brandi<<<<<<<<<<<<<<<<<<<<<<<<649VX478SVB1WJQ<<<<<<<<<<<<<08,5471 Di Loreto Plaza,Female
P<Kutch<Jaimee<<<<<<<<<<<<<<<<<<<<<<J849GIESQ6L358R2<<<<<<<<<<97,749 Ilene Crossing,Male
P<Kuphal<<Laura<<<<<<<<<<<<<<<<<<<<<<E1T5WOC42665F9W48<<<<<<<<<<<<<<3,4 Quincy Parkway,Female
P<<Cassin<Darin<<<<<<<<<<<<<<<<<<<<<<<<L662T6K6TF9NDDK<<<<<<<<<<9,175 Golf View Parkway,Male
P<Spencer<Lekisha<<<<<<<<<<<<<<<<<<<<<<<<<7JAOIQLYZX3J81B88X6<<<<<<<<<<<<<2,1388 Bunker Hill Avenue,Male
P<Kuhlman<<Rhoda<<<<<<<<<<<<<<<<<<<<<02B9AFA847Z0FV11S5<<<<<<<<<<<<2,0 Meadow Valley Pass,Male
P<<Bernier<Helga<<<<<<<<<<<<<<<<<<<<<<<P7W997S6SXJ2M3A<<<<<<<<<<<<<<2,6985 Lindbergh Crossing,Male
P<<Rowe<Rufus<<<<<<<<<<<<<<<<<<<<9OIO08G70407QMM0<<<<<<<<<<4,6558 Alpine Way,Male
P<<Cartwright<Darci<<<<<<<<<<<<<<<<<<<<M3297V25XY4UG6T52F<<<<<<<<<<<<69,468 Shelley Place,Female
P<Price<<Tyree<<<<<<<<<<<<<<<<<<<<<P9C4MD72QNBH5Y8GHP18<<<<<<<<<<<68,8 Hallows Parkway,Male
P<Breitenberg<Carmine<<<<<<<<<<<<<<<<<<<<<<<<ZB3D20E5W22J6LT<<<<<<<<<<<<<<<4,5765 Ilene Pass,Male
P<Morissette<<Ezra<<<<<<<<<<<<<<<<<<<<<<<<<14V0LB3SI91QI9Z03C<<<<<<<<<<5,4 Meadow Valley Hill,Female
P<<Donnelly<<Minda<<<<<<<<<<<<<<<<<<<<<<<<<UH97X34PZ2U3YB805GL2<<<<<<<<<<<83,537 Havey Crossing,Female
P<Friesen<Hassie<<<<<<<<<<<<<<<<<<<<<843ZHG6XYI4075Y1875V<<<<<<<<<<<<8,4 Ohio Street,Female
P<<Leffler<<Gemma<<<<<<<<<<<<<<<<<<<<<<6L1BW9U40CK2044955<<<<<<<<<<<<<<<5,07 Charing Cross Center,Female
P<<Bailey<Gilbert<<<<<<<<<<<<<<<<<<<<<<<<0MZN6ZNP4U8QS7L5J<<<<<<<<<<<<<<<91,3059 International Hill,Female
P<<O'Hara<<Tyron<<<<<<<<<<<<<<<<<<<<<44KT027HK01M12Z20F0<<<<<<<<<<<45,77 Homewood Alley,Female
P<Murazik<Lavern<<<<<<<<<<<<<<<<<<<<<<<<<Y1ZEV9X972VJ23S<<<<<<<<<<<<<<<44,8 Mosinee Center,Male
P<<Rodriguez<Spencer<<<<<<<<<<<<<<<<<<<<<<<76F28917X9RFRV22<<<<<<<<<<<<22,0300 Mayfield Circle,Male
P<<Wiza<Norris<<<<<<<<<<<<<<<<<<<<<<<<MMRXEEOE014PR4L<<<<<<<<<<0,0 Blackbird Center,Female
P<<Davis<Zenia<<<<<<<<<<<<<<<<<<<<<<<<S6KYL35CW77S05FVR<<<<<<<<<<<<<<<8,879 Marquette Place,Male
P<Upton<<Chia<<<<<<<<<<<<<<<<<<<<2437P7E2K1418DH0Y8<<<<<<<<<<<<<<<4,1761 Paget Park,Female
P<Goodwin<<Myong<<<<<<<<<<<<<<<<<<<<<<<<<6M39K88NUORF08CZ<<<<<<<<<<<<<<<39,7984 Dunning Way,Male
P<<Langosh<Roscoe<<<<<<<<<<<<<<<<<<<<<<<<MA10TN5X8O3YW8INJ6<<<<<<<<<<<<<<<9,7 Hazelcrest Point,Male
P<<Padberg<<Alda<<<<<<<<<<<<<<<<<<<<<<<K541IV9W3V59801XX3<<<<<<<<<<1,5730 Glacier Hill Hill,Female
P<Langworth<<Danilo<<<<<<<<<<<<<<<<<<<<<<0F7A325Y66174EDL<<<<<<<<<<<<61,825 Rowland Junction,Male
P<Kiehn<Latoya<<<<<<<<<<<<<<<<<<<<<<<V27WZGDCZWI2V6812B6<<<<<<<<<<<<<8,655 Bonner Alley,Male
P<<Schinner<<Rupert<<<<<<<<<<<<<<<<<<<<<19750YN488STUK37133<<<<<<<<<<<<7,64577 Crownhardt Crossing,Female
P<<Rau<Ardell<<<<<<<<<<<<<<<<<<<<<<<UVZ0I9G95BWE71GQ3TV1<<<<<<<<<<<<<73,427 Jay Drive,Male
P<<Runolfsdottir<<Glady<<<<<<<<<<<<<<<<<<<<CMK50P8457H988TX4W2<<<<<<<<<<<<<66,3 Sundown Point,Female
P<<Kessler<<Danille<<<<<<<<<<<<<<<<<<<<<<<<<UY8J9WEN3H0N1BWS9411<<<<<<<<<<<<<<8,1680 Grasskamp Plaza,Female
P<Kling<Daniela<<<<<<<<<<<<<<<<<<<<<<<<OZZIAK65X85B2Y9E<<<<<<<<<<<2,04153 Parkside Court,Male
P<Reilly<<Briana<<<<<<<<<<<<<<<<<<<<<<<<42AX9F8W9KHVV0M<<<<<<<<<<<<<<<49,84 Nelson Parkway,Male
P<<Adams<Elsa<<<<<<<<<<<<<<<<<<<<<<<<1KNX111BGUK7I767<<<<<<<<<<4,2634 Oriole Lane,Male
P<Orn<<Quintin<<<<<<<<<<<<<<<<<<<<O766W6X70VACE47DPRF0<<<<<<<<<<7,46028 South Place,Male
P<<Tromp<<Marylouise<<<<<<<<<<<<<<<<<<<<<<<<37W21U333E0BH086DI<<<<<<<<<<<<<<<1,75 Fuller Point,Male
P<Beahan<<Antonia<<<<<<<<<<<<<<<<<<<<<<K626BRTH96TQ2J76V8OV<<<<<<<<<<69,466 Vernon Court,Female
P<<Frami<<Luke<<<<<<<<<<<<<<<<<<<<<<<<5266N10T6PTX5A55<<<<<<<<<<<<<43,720 Monterey Parkway,Male
P<Blick<<Byron<<<<<<<<<<<<<<<<<<<<<<<<2NUH3Z676626M5NLCY<<<<<<<<<<<<<<<64,19537 Mandrake Road,Female
P<<Graham<Olimpia<<<<<<<<<<<<<<<<<<<<<<<OF26129Q0J1QYO9G<<<<<<<<<<<<<<6,18 Manitowish Avenue,Male
P<Weissnat<Roman<<<<<<<<<<<<<<<<<<<<<738J4GFZJICUD0206Q<<<<<<<<<<<<<<2,99110 Tennyson Point,Female
P<<Zulauf<<Salvatore<<<<<<<<<<<<<<<<<<<<2M9OK4000JKK42D5556P<<<<<<<<<<<72,5 Blue Bill Park Circle,Male
P<<Windler<<Dustin<<<<<<<<<<<<<<<<<<<<<<59524N1LO88XHG52DB2<<<<<<<<<<<3,8955 Merchant Terrace,Male
P<Tremblay<<Shellie<<<<<<<<<<<<<<<<<<<<KQ6719Q5NY65810N5<<<<<<<<<<<<<<60,612 Randy Point,Male
P<<Cummerata<<Ardelia<<<<<<<<<<<<<<<<<<<<<<<<<0JQ3G74T658NI8Y7X<<<<<<<<<<<<<<<5,3 Brentwood Pass,Female
P<Connelly<Alyson<<<<<<<<<<<<<<<<<<<<<<<8R00R1ID3P1H0JZ3C<<<<<<<<<<<96,0952 Shoshone Crossing,Female
P<Kassulke<<Carola<<<<<<<<<<<<<<<<<<<<<<<<M4TR1XW9HW48B1E0NW4<<<<<<<<<<4,34 Corry Alley,Female
P<<Gerlach<<Philip<<<<<<<<<<<<<<<<<<<<<<<<<NH415906202W5SL9151<<<<<<<<<<<<<57,28315 Corscot Center,Female
P<<Bashirian<<Kylee<<<<<<<<<<<<<<<<<<<<<<<<<7571SI5SM1D1AJV9GI99<<<<<<<<<<<<<<<70,44 Utah Lane,Male
P<Grimes<Daryl<<<<<<<<<<<<<<<<<<<<<<D7HG1O441WF4AZM65Q<<<<<<<<<<<<<<8,8 Sauthoff Pass,Male
P<<Jerde<Ivonne<<<<<<<<<<<<<<<<<<<<<564ZA6N435786T867W<<<<<<<<<<<<<<<8,903 Dahle Alley,Male
P<<Lehner<Selma<<<<<<<<<<<<<<<<<<<<<<XOPRQH50MXUA9PP56<<<<<<<<<<<<0,83 Orin Center,Male
P<Witting<<Kena<<<<<<<<<<<<<<<<<<<<<<<<E4011N7L83KQ730P10<<<<<<<<<<<42,17 High Crossing Avenue,Female
P<Cronin<<Charles<<<<<<<<<<<<<<<<<<<<<<<XFWH5W0TA51G29602VI4<<<<<<<<<<71,9 Westend Trail,Male
P<<Mann<<Romeo<<<<<<<<<<<<<<<<<<<<<<<<UZYOZ879G45KQ26<<<<<<<<<<<30,10 Golf Course Place,Male
P<Bergnaum<<Kip<<<<<<<<<<<<<<<<<<<<<<R4Q1S61JG5L850KS36<<<<<<<<<<<<<5,0 Dexter Way,Male
P<Barrows<<Dallas<<<<<<<<<<<<<<<<<<<<<G155322HM15H8E1Z1E<<<<<<<<<<<<<<<10,377 Hoepker Junction,Male
P<Reynolds<<Robin<<<<<<<<<<<<<<<<<<<<<VZUCV0B2VVEJ0758VA<<<<<<<<<<<<25,2517 Bunker Hill Junction,Female
P<<Ortiz<<Dario<<<<<<<<<<<<<<<<<<<<<MME96974JK2U4QT6W<<<<<<<<<<<7,6960 Hoepker Pass,Female
P<Johnson<Robert<<<<<<<<<<<<<<<<<<<<<<<<<F8KVS3778O9I7QB9<<<<<<<<<<12,45971 Walton Point,Female
P<<Hickle<Sadie<<<<<<<<<<<<<<<<<<<<<<<<8NBD0U8F367CM6I7Y6<<<<<<<<<<<<<<2,5 Harbort Plaza,Male
P<Bartoletti<Lori<<<<<<<<<<<<<<<<<<<<<<<<<9385YTK5MT7IFO1B8X1<<<<<<<<<<<<<<61,4 Doe Crossing Avenue,Male
P<Johns<Loren<<<<<<<<<<<<<<<<<<<<Y7EJ428HSX3A38T887<<<<<<<<<<2,7082 3rd Junction,Female
P<Harvey<Alvina<<<<<<<<<<<<<<<<<<<<3BW15I28W9IK832I<<<<<<<<<<<<<<<45,6190 4th Road,Male
P<Bosco<Jonell<<<<<<<<<<<<<<<<<<<<<8BT2T33O2TJP9N040<<<<<<<<<<<<<<<2,14109 Buhler Plaza,Female
P<Shields<Jacquelynn<<<<<<<<<<<<<<<<<<<<H8IR10I1E4MIO02CCR<<<<<<<<<<<7,071 Beilfuss Terrace,Female
P<Kutch<Dorian<<<<<<<<<<<<<<<<<<<<<<<<<3R09C0UWTZI715A70A<<<<<<<<<<<<<<07,422 Stone Corner Parkway,Female
P<<Haley<Wilber<<<<<<<<<<<<<<<<<<<<<54989176O955JOBWS9L<<<<<<<<<<<<<<<2,5838 Dawn Avenue,Female
P<<Medhurst<Lynette<<<<<<<<<<<<<<<<<<<<<<96J718L450YS6X50<<<<<<<<<<<<74,2 Lindbergh Court,Male
P<Bode<Cheyenne<<<<<<<<<<<<<<<<<<<<<<<<<1Y237B79565XH1EW02D6<<<<<<<<<<<45,021 Moland Avenue,Female
P<Stracke<Melvin<<<<<<<<<<<<<<<<<<<<<089AUO733B1J1ZVW<<<<<<<<<<<91,9018 Lakeland Point,Female
P<Bayer<Damon<<<<<<<<<<<<<<<<<<<<<<<<<5086JL7U231O89M073V<<<<<<<<<<<<7,1 New Castle Center,Male
P<<Hirthe<<Merrill<<<<<<<<<<<<<<<<<<<<<<<<9K27KY780M3DW568Z<<<<<<<<<<<<<<<83,5579 Forster Drive,Female
P<Parisian<<Calvin<<<<<<<<<<<<<<<<<<<<<Q1L23R2UZ3U2LL3V5495<<<<<<<<<<<<<02,59 Delaware Road,Male
P<<Durgan<Herma<<<<<<<<<<<<<<<<<<<<<<<8FJ5K49GD9W8RY856957<<<<<<<<<<<<<7,15 Golden Leaf Alley,Male
P<McGlynn<Oleta<<<<<<<<<<<<<<<<<<<<<<GF9C4WOQND49HZL3<<<<<<<<<<<<<<40,6010 Hermina Point,Female
P<Kihn<Josue<<<<<<<<<<<<<<<<<<<<<<<FN0RU7QY61XU459E<<<<<<<<<<<<<2,9 Ryan Drive,Male
P<Weissnat<<Nikki<<<<<<<<<<<<<<<<<<<<<<<<<9O0U74M7ONOFG93J1H<<<<<<<<<<<76,97 Blackbird Alley,Male
P<Gerlach<<Lowell<<<<<<<<<<<<<<<<<<<<<<<<0Y6RK1GUQ9OP5H90D880<<<<<<<<<<33,930 Fremont Plaza,Female
P<<Waelchi<<Meghan<<<<<<<<<<<<<<<<<<<<<<<19B6413937C8OG12IH<<<<<<<<<<<<<<27,608 Summerview Road,Female
P<<Leannon<<Roselle<<<<<<<<<<<<<<<<<<<<<3L5S758865RXSV6GSEU0<<<<<<<<<<<<26,45048 Gale Place,Female
P<Bogan<Josh<<<<<<<<<<<<<<<<<<<<<<<1WMZ0JID658J1W0<<<<<<<<<<3,09231 Memorial Junction,Male
P<Rowe<Emelia<<<<<<<<<<<<<<<<<<<<U9B91JPIDU24JYJ<<<<<<<<<<<<<7,21966 Eastlawn Park,Female
P<Johns<<Daisy<<<<<<<<<<<<<<<<<<<<<<89Y6D1UCN3803011J5<<<<<<<<<<<70,1711 Sheridan Crossing,Female
P<<Schuppe<Lauran<<<<<<<<<<<<<<<<<<<<<<<<V58VX5K6CPUAR7VQ0<<<<<<<<<<<<<<<7,00 Independence Court,Female
P<<Davis<Jackie<<<<<<<<<<<<<<<<<<<<3P3AAQX6TONQBJZR3L<<<<<<<<<<<<<<<26,2 Pond Pass,Male
P<<Boyer<Rocky<<<<<<<<<<<<<<<<<<<<<<9PC1BAC36Q4E05GRA1OU<<<<<<<<<<<1,2677 Lindbergh Alley,Male
P<<Bergnaum<Lesha<<<<<<<<<<<<<<<<<<<<<<<J9NZK030K0E27U26H2ZX<<<<<<<<<<<<<<7,5 Fuller Lane,Male
P<Pollich<<Antone<<<<<<<<<<<<<<<<<<<<98C3Y116N15O37DZOH7<<<<<<<<<<<<<<7,46 Loftsgordon Court,Female
P<Rath<<Tanesha<<<<<<<<<<<<<<<<<<<<<<NB40ITE8B7T3P68N<<<<<<<<<<<<7,83782 Rieder Crossing,Female
P<<Hayes<<Carroll<<<<<<<<<<<<<<<<<<<<20168MBGHC5PP20Y7R37<<<<<<<<<<<<<4,55 Scofield Junction,Male
P<<Stracke<<Matt<<<<<<<<<<<<<<<<<<<<<<<<2539773AJ7G6YXXAX49T<<<<<<<<<<9,17 Myrtle Point,Male
P<<Jerde<Willie<<<<<<<<<<<<<<<<<<<<<<<858W5682R9IGL6D04391<<<<<<<<<<<<<1,20491 Gateway Parkway,Male
P<<Cassin<Darby<<<<<<<<<<<<<<<<<<<<<<<<<754XO7WW7GR85P25<<<<<<<<<<<<<<98,43 Mifflin Road,Male
P<Paucek<<Lauretta<<<<<<<<<<<<<<<<<<<<INA14OI2M2ESY6B7Z8N<<<<<<<<<<12,672 Jenifer Pass,Female
P<Emard<<Ettie<<<<<<<<<<<<<<<<<<<<94HG2Y4C51I0AY2<<<<<<<<<<<02,2 Scoville Lane,Female
P<<Heidenreich<<Donnie<<<<<<<<<<<<<<<<<<<<<<<<55LF9Y1KL60NN5KKN39<<<<<<<<<<<<<28,55767 Merchant Circle,Female
P<<Walter<Sang<<<<<<<<<<<<<<<<<<<<<<<5O3317K9QF94J1VZRBF<<<<<<<<<<<<<<5,97744 Schurz Point,Male
P<<Harris<Guadalupe<<<<<<<<<<<<<<<<<<<<<59E4EUZO970I4B4V4QX<<<<<<<<<<5,5 Vernon Park,Female
P<<Jaskolski<Dinorah<<<<<<<<<<<<<<<<<<<<<1BLIZEKHO5A34082<<<<<<<<<<<3,904 Colorado Avenue,Male
P<<Huels<<Marget<<<<<<<<<<<<<<<<<<<<<4376EU9878C09WXLT<<<<<<<<<<<<<<<1,6386 Loeprich Avenue,Male
P<Hermiston<Karren<<<<<<<<<<<<<<<<<<<<L6X5R11125H94WR<<<<<<<<<<4,28144 Buena Vista Park,Male
P<Greenholt<<Alonso<<<<<<<<<<<<<<<<<<<<3EM6YLT341R24OG6<<<<<<<<<<<<<13,311 Corben Lane,Female
P<Grimes<Zina<<<<<<<<<<<<<<<<<<<<<<<S4BVCW97SX8K9I3N<<<<<<<<<<<<<<<23,89 Express Point,Male
P<Rogahn<<Garrett<<<<<<<<<<<<<<<<<<<<<<69KC1032X46N692T0<<<<<<<<<<<<0,32860 Texas Pass,Male
P<<Casper<Taylor<<<<<<<<<<<<<<<<<<<<7198144D7MLU793O52GM<<<<<<<<<<<<<6,11 Burning Wood Pass,Female
P<Gerlach<<Ivan<<<<<<<<<<<<<<<<<<<<<MPY98G5K0842BB8DR4R<<<<<<<<<<14,52416 Moland Road,Female
P<Kling<Antoine<<<<<<<<<<<<<<<<<<<<<<<<<8000M3GD54O6FD64Y9V<<<<<<<<<<<<<<4,29955 Maple Wood Way,Female
P<Klein<Mervin<<<<<<<<<<<<<<<<<<<<<F1L58J9DX5C393Z7742<<<<<<<<<<67,5026 Luster Place,Male
P<Torp<Ted<<<<<<<<<<<<<<<<<<<<2M17310I5VB8R49<<<<<<<<<<<<<<<0,1629 Arizona Drive,Female
P<Reynolds<<August<<<<<<<<<<<<<<<<<<<<<<75AUXNWR92UPGR8C2<<<<<<<<<<<<<8,4 Muir Park,Male
P<<Bradtke<<Winnifred<<<<<<<<<<<<<<<<<<<<<<<2874881543A76D4<<<<<<<<<<<<<<54,96617 Lindbergh Way,Male
P<<Ruecker<Billie<<<<<<<<<<<<<<<<<<<<EKF941WR5H67917B<<<<<<<<<<<<55,8814 Southridge Street,Female
P<<Dare<Karoline<<<<<<<<<<<<<<<<<<<<<XQ019LBSFA7303TF8H4<<<<<<<<<<<<<<60,39 Katie Trail,Female
P<<King<Karlene<<<<<<<<<<<<<<<<<<<<<<<LZ4FLL4PD7N7P31G36<<<<<<<<<<01,94162 Northridge Crossing,Male
P<<Thiel<<Carolina<<<<<<<<<<<<<<<<<<<<<<<<1G3A494HCUINH757H<<<<<<<<<<<<<<<36,95 Calypso Crossing,Male
P<<O'Keefe<Mellie<<<<<<<<<<<<<<<<<<<<<<DUE6M5858YL37U263Z3<<<<<<<<<<4,8 Del Mar Center,Female
P<Cronin<Arlen<<<<<<<<<<<<<<<<<<<<<<<<U4CR5QI04W2FB9H<<<<<<<<<<13,3 Arrowood Road,Male
P<Bahringer<<Joe<<<<<<<<<<<<<<<<<<<<<<<P226048O19800Z0<<<<<<<<<<<<<<62,992 Novick Way,Female
P<<Kiehn<Jeffie<<<<<<<<<<<<<<<<<<<<<<EZ2OR4I0B2TKF713J4<<<<<<<<<<<<<2,3505 Carey Center,Female
P<Hoeger<<Gina<<<<<<<<<<<<<<<<<<<<<<<1ISF4LLE370H9ZCX7G<<<<<<<<<<<<62,40113 Butterfield Street,Male
P<Kessler<Cheryl<<<<<<<<<<<<<<<<<<<<<Z1TT49937ZXX7LK2KMT<<<<<<<<<<<<<<<5,95515 Oriole Place,Female
P<<Bahringer<Jackie<<<<<<<<<<<<<<<<<<<<<2CB76U351PSD4DR3414X<<<<<<<<<<<<8,31 Michigan Pass,Female
P<Walsh<<Eddie<<<<<<<<<<<<<<<<<<<<<8V02WN3E775W8QZ00<<<<<<<<<<<39,36826 Anderson Place,Male
P<<Thiel<Hal<<<<<<<<<<<<<<<<<<<<<<I16WXNM769Y741MSF4<<<<<<<<<<<<7,768 Declaration Alley,Female
P<<Will<<Venice<<<<<<<<<<<<<<<<<<<<<<<<530HXKLJ084A7J3QN5M3<<<<<<<<<<8,18 Mallard Trail,Male
P<Keeling<Billy<<<<<<<<<<<<<<<<<<<<<50S3033RY3VI60H63<<<<<<<<<<<29,43 Shoshone Pass,Female
P<<Jones<<Mack<<<<<<<<<<<<<<<<<<<<<<X51VBR89B2HVK383K<<<<<<<<<<65,29904 Pearson Lane,Male
P<Luettgen<Lynelle<<<<<<<<<<<<<<<<<<<<M9L35501T84VJL1<<<<<<<<<<<<<<<00,97695 Birchwood Street,Female
P<<Bernier<<Wava<<<<<<<<<<<<<<<<<<<<<<ORLHJI413SA77ZXH<<<<<<<<<<3,634 Village Green Drive,Female
P<<Wilkinson<Isaac<<<<<<<<<<<<<<<<<<<<<<<<IZ4IZM8KZ17GO606Z5<<<<<<<<<<<<<<<4,6656 Sachtjen Court,Male
P<Pfeffer<<Renata<<<<<<<<<<<<<<<<<<<<<<7WGCKF60NBI2DNEB3B<<<<<<<<<<<<<<<2,19920 Sutteridge Place,Male
P<<Schneider<Garth<<<<<<<<<<<<<<<<<<<<<<<<KA8LPWA1U62T40S7O8F<<<<<<<<<<<<4,731 Meadow Vale Hill,Male
P<Olson<<Alfonso<<<<<<<<<<<<<<<<<<<<<<<<<2KLT414R25R7R5NZU7<<<<<<<<<<<<<6,8367 Chinook Plaza,Male
P<<Lehner<<Antione<<<<<<<<<<<<<<<<<<<<<<<FZ68N1H6S4732MX9<<<<<<<<<<<<6,7708 Grover Street,Female
P<<Homenick<<Tyisha<<<<<<<<<<<<<<<<<<<<<<TKUOA8TZO7337WK9O37<<<<<<<<<<25,9978 Rowland Court,Male
P<Beier<<Carlie<<<<<<<<<<<<<<<<<<<<<<PV21826G802KVL5874V<<<<<<<<<<<<8,4 Holmberg Point,Female
P<<Bechtelar<Carson<<<<<<<<<<<<<<<<<<<<<<<59Y7NC711YYVW8H<<<<<<<<<<5,8 Surrey Park,Male
P<<Schoen<<Ollie<<<<<<<<<<<<<<<<<<<<<<<<<6Q729N169C90TEXA2<<<<<<<<<<<<14,05047 Mcguire Alley,Female
P<<Johnson<Renna<<<<<<<<<<<<<<<<<<<<<<<<<JPZP3350Y8QV631L9M<<<<<<<<<<<52,0 Onsgard Lane,Female
P<<Prohaska<<Roy<<<<<<<<<<<<<<<<<<<<<<<<7R4VB62RE7XO1YV6<<<<<<<<<<<9,7 Vermont Way,Male
P<Brekke<Garnet<<<<<<<<<<<<<<<<<<<<<1WIQVPZ880L31T9S21G4<<<<<<<<<<7,145 Katie Park,Male
P<Treutel<<Emelia<<<<<<<<<<<<<<<<<<<<<<<<<O411I22J4MPC56H0143A<<<<<<<<<<<19,3 Porter Junction,Female
P<Wunsch<<Tyler<<<<<<<<<<<<<<<<<<<<U1509HCTE5FKQH4E83AZ<<<<<<<<<<1,80268 Bartelt Park,Female
P<<Cartwright<Elisha<<<<<<<<<<<<<<<<<<<<<<<<<4TT77XWY906D7454I<<<<<<<<<<<42,1885 Dapin Lane,Female
P<McKenzie<Joel<<<<<<<<<<<<<<<<<<<<B6JCZ31U735P1Y3IP7O<<<<<<<<<<25,2 Stoughton Court,Female
P<Dare<<Geralyn<<<<<<<<<<<<<<<<<<<<<<<<6R5317A5CMARP4PW<<<<<<<<<<9,50570 Sauthoff Road,Male
P<<Daniel<<Margarita<<<<<<<<<<<<<<<<<<<<<<<<<S3167DTQYMGF9DF3L5<<<<<<<<<<<<<<38,05209 8th Pass,Male
P<Gorczany<Leatha<<<<<<<<<<<<<<<<<<<<OS7KC5VYT448ZAH899<<<<<<<<<<<<<<<2,13930 Division Center,Male
P<Quigley<Emmy<<<<<<<<<<<<<<<<<<<<2YGHS3P24002O7157<<<<<<<<<<<19,61852 Ridge Oak Park,Female
P<Swift<<Roger<<<<<<<<<<<<<<<<<<<<<<<<GZ68Q8Q8Y415580<<<<<<<<<<<<<<14,8 Elgar Lane,Male
P<<Yost<Liane<<<<<<<<<<<<<<<<<<<<387CP30Q2186732DG<<<<<<<<<<<<<<29,27 Bobwhite Lane,Male
P<Hessel<Siu<<<<<<<<<<<<<<<<<<<<<<<<04882117LRQGLYP5<<<<<<<<<<4,9098 Jackson Park,Male
P<Stoltenberg<<Sydney<<<<<<<<<<<<<<<<<<<<<<<XVWB8817WJDI92Q1SR3<<<<<<<<<<<<2,7 Forest Dale Street,Female
P<<Howell<Ali<<<<<<<<<<<<<<<<<<<<<<<<<A2TCRJH2EYFHTWO6REQ<<<<<<<<<<<<<<<8,6 Dapin Circle,Male
P<<Jaskolski<<Hassan<<<<<<<<<<<<<<<<<<<<<U4X822ZQ90I80Z6K<<<<<<<<<<<<<7,70 Carpenter Avenue,Male
P<<Yundt<<Elicia<<<<<<<<<<<<<<<<<<<<<<U7Y62LG361253826933<<<<<<<<<<<<<<<08,95700 Main Avenue,Male
P<<Sipes<<Chang<<<<<<<<<<<<<<<<<<<<<<<3D0Y203V49L4K25<<<<<<<<<<<76,4552 3rd Terrace,Female
P<Schmidt<Leonora<<<<<<<<<<<<<<<<<<<<<<<14Z9A6W41FIXBN066<<<<<<<<<<<<<<60,31016 Carberry Road,Female
P<Gutmann<<Myron<<<<<<<<<<<<<<<<<<<<<<<83ZR435Y6612K182<<<<<<<<<<<<<<20,31179 Crownhardt Parkway,Female
P<Dicki<<Divina<<<<<<<<<<<<<<<<<<<<<<<<<H7I828G40TFPZ9V<<<<<<<<<<<<<<<70,7 Holy Cross Park,Female
P<Legros<<Dion<<<<<<<<<<<<<<<<<<<<<<<<SR927YOKGI748VAHX7<<<<<<<<<<<<<6,7 Carey Circle,Female
P<Lesch<<Bessie<<<<<<<<<<<<<<<<<<<<<<<BC5CN2IE48CDLGF2DP5<<<<<<<<<<<<<40,152 Ohio Center,Female
P<<Cartwright<Bernadette<<<<<<<<<<<<<<<<<<<<<<<<<U1L6O458003VYV66OP<<<<<<<<<<<<<<<8,25 International Drive,Male
P<Fritsch<Tiesha<<<<<<<<<<<<<<<<<<<<<<<1D9CT1K6W75ECX3R06G<<<<<<<<<<<<<9,484 Nelson Circle,Male
P<<Renner<<Esteban<<<<<<<<<<<<<<<<<<<<<<<<4I0TG6P02LY234RM6<<<<<<<<<<<<<81,73 West Court,Male
P<Gerhold<<Modesto<<<<<<<<<<<<<<<<<<<<<<RNI2N8OI1M6C4DF<<<<<<<<<<<<<<<37,0 Arapahoe Junction,Male
P<Wuckert<<Jacquelin<<<<<<<<<<<<<<<<<<<<<<55XI796XT6Z6K5X9ZDA9<<<<<<<<<<<<71,506 Marquette Road,Male
P<Cole<<Humberto<<<<<<<<<<<<<<<<<<<<<<<<<4M2MNC7GR7WFUI3P6<<<<<<<<<<62,454 Kenwood Way,Female
P<Christiansen<Ellsworth<<<<<<<<<<<<<<<<<<<<<R4VP852114896P34<<<<<<<<<<<<<<1,0 Westport Circle,Female
P<O'Connell<Chester<<<<<<<<<<<<<<<<<<<<<<<52HB63O92HD6309<<<<<<<<<<<<22,4 Di Loreto Street,Female
P<Cole<<Sandy<<<<<<<<<<<<<<<<<<<<<<<9AMFJ21S75Y1A7BP2<<<<<<<<<<<8,33 Jackson Pass,Female
P<Torp<Herma<<<<<<<<<<<<<<<<<<<<<<<J90J00KERFG079709<<<<<<<<<<<<51,77218 Gulseth Way,Female
P<Skiles<<Harriett<<<<<<<<<<<<<<<<<<<<<<0179AHB3KBV750B<<<<<<<<<<<<4,607 Bultman Court,Male
P<<Sauer<Rogelio<<<<<<<<<<<<<<<<<<<<<3YA31W7320O78RK<<<<<<<<<<<73,4 Birchwood Lane,Female
P<<Beahan<<Daphne<<<<<<<<<<<<<<<<<<<<<<<LNTF13Y60ZV315BE<<<<<<<<<<<<<<<40,720 Paget Lane,Male
P<McGlynn<Albertina<<<<<<<<<<<<<<<<<<<<<<O2O7853XD99B2VAH<<<<<<<<<<<9,68662 Fair Oaks Center,Male
P<Prosacco<Neil<<<<<<<<<<<<<<<<<<<<<<<<<J2SF2LCYIL89ZBWZIO<<<<<<<<<<93,8 Harbort Court,Male
P<Maggio<Deanne<<<<<<<<<<<<<<<<<<<<<<MZ6A14S681565P8T<<<<<<<<<<<<88,320 Weeping Birch Pass,Female
P<<Gerhold<<Christa<<<<<<<<<<<<<<<<<<<<<14X6M0X3I4WXLC28ZB<<<<<<<<<<3,989 Monterey Hill,Male
P<Roberts<<Dexter<<<<<<<<<<<<<<<<<<<<<<2PNN153SRVJ36Z4<<<<<<<<<<0,401 Harbort Center,Male
P<<Beer<<Janna<<<<<<<<<<<<<<<<<<<<<<<<<XHLMNIW37WFYVPG96FL<<<<<<<<<<<<<<4,63768 North Point,Male
P<<Koelpin<Alyssa<<<<<<<<<<<<<<<<<<<<<<<<167LWP36I643WW82WBYU<<<<<<<<<<<<<22,15132 Pennsylvania Lane,Female
P<Brown<<Cinthia<<<<<<<<<<<<<<<<<<<<<<<21E9P7GCII8319G4Z8L<<<<<<<<<<<<<7,29 Lake View Plaza,Female
P<Runolfsdottir<<Desiree<<<<<<<<<<<<<<<<<<<<<<UVZ141T95860IHZA603<<<<<<<<<<<<<<<28,62988 Norway Maple Parkway,Male
P<Quigley<Minerva<<<<<<<<<<<<<<<<<<<<<<<85V32XQL6E01R532D4<<<<<<<<<<<70,62576 Schiller Crossing,Male
P<<Botsford<<Adrian<<<<<<<<<<<<<<<<<<<<06087W8Z5SSR338<<<<<<<<<<89,4 Hansons Street,Female
P<<Koch<<Marshall<<<<<<<<<<<<<<<<<<<<<<<K77LJ5ME3DWCBYN74L1<<<<<<<<<<<<<62,7 Leroy Street,Male
P<Langworth<Lulu<<<<<<<<<<<<<<<<<<<<<<<00O25A0M6A95T8U<<<<<<<<<<<<<1,7 Anderson Street,Male
P<Lesch<Gerardo<<<<<<<<<<<<<<<<<<<<<<<P43X063CBU2268016<<<<<<<<<<<<<3,31809 Maple Parkway,Male
P<<Kuhn<Shara<<<<<<<<<<<<<<<<<<<<<5PMAOCZ3ZE1Z5282P<<<<<<<<<<<<<50,7 Bay Center,Male
P<Sauer<Deon<<<<<<<<<<<<<<<<<<<<<C8DX45X6H8799WAJW7<<<<<<<<<<<<<<<85,19 Cardinal Court,Female
P<Boyle<<Lan<<<<<<<<<<<<<<<<<<<<<<<<9Q1C76G0723J1UN4<<<<<<<<<<5,71065 Shelley Crossing,Female
P<<Bradtke<Terry<<<<<<<<<<<<<<<<<<<<<<<<CBWR7GWRAT3WADN6FFQ<<<<<<<<<<<<6,83 Walton Crossing,Female
P<<Stracke<Maryland<<<<<<<<<<<<<<<<<<<<9C08516443GJ69C9<<<<<<<<<<67,674 Corben Pass,Female
P<<Murray<<Bennie<<<<<<<<<<<<<<<<<<<<<<<<6SVI7UFFUE1I1M0M80<<<<<<<<<<7,80416 Hollow Ridge Pass,Male
P<<Spencer<<Octavia<<<<<<<<<<<<<<<<<<<<<<<<<5PE094710K8XL13<<<<<<<<<<<<<<<60,9423 Sherman Way,Female
P<Homenick<Trent<<<<<<<<<<<<<<<<<<<<<<<0M8SK8C6T50PVIFX0H<<<<<<<<<<<<62,5481 Browning Crossing,Male
P<<Dietrich<Larry<<<<<<<<<<<<<<<<<<<<<07W46PZ67R51K4Q7T<<<<<<<<<<<<<99,82390 Thompson Avenue,Male
P<Johnston<Lorita<<<<<<<<<<<<<<<<<<<<<<<Q2BPO9K984CI57450FY<<<<<<<<<<<99,354 Gerald Avenue,Female
P<Herzog<Aaron<<<<<<<<<<<<<<<<<<<<3Y4N57V92O633M0JJ54<<<<<<<<<<<<<<97,6872 Kim Junction,Male
P<Cormier<Stacy<<<<<<<<<<<<<<<<<<<<<RP3M25R763OW668106<<<<<<<<<<<<<7,15958 Iowa Place,Female
P<Gusikowski<<Amado<<<<<<<<<<<<<<<<<<<<<<<<KZEO87OSG85AA83E2U<<<<<<<<<<<<6,7370 Texas Alley,Male
P<<Toy<<Bryon<<<<<<<<<<<<<<<<<<<<<BT940Z19D5K241U3RX7<<<<<<<<<<<<<1,87745 Walton Alley,Male
P<Casper<<Petrina<<<<<<<<<<<<<<<<<<<<<<<<<FV5EP2KL3M5B800PSTS<<<<<<<<<<<<<01,7736 Crest Line Parkway,Male
P<Boyer<Pierre<<<<<<<<<<<<<<<<<<<<<9SBE78958V89Q2P<<<<<<<<<<96,32 Monica Circle,Female
P<Feest<Raguel<<<<<<<<<<<<<<<<<<<<<<0WW8054L4K400ZG297<<<<<<<<<<<<<04,156 Carey Circle,Male
P<<Bartell<Lupe<<<<<<<<<<<<<<<<<<<<<<O1F352J7XQW4TP845RU6<<<<<<<<<<<<9,91475 Tennyson Pass,Male
P<Sauer<<Edwardo<<<<<<<<<<<<<<<<<<<<<<<Y9X5P4623T0S5474<<<<<<<<<<21,16 Grayhawk Trail,Male
P<<Larson<<Etha<<<<<<<<<<<<<<<<<<<<<<G8FJD2G3D705FF3SFDD5<<<<<<<<<<<<<<3,2 Brown Terrace,Female
P<Hettinger<<Mandy<<<<<<<<<<<<<<<<<<<<<77444264WA8MWERFV<<<<<<<<<<<5,2 Duke Court,Male
P<<Lebsack<<Beau<<<<<<<<<<<<<<<<<<<<<<<<<06ESWQDP1A9A2BCO074S<<<<<<<<<<<<<<<7,83 Emmet Road,Female
P<Bayer<Leilani<<<<<<<<<<<<<<<<<<<<5XXED571IVGTA50S4<<<<<<<<<<<78,36978 Dahle Alley,Male
P<<Hettinger<Mickey<<<<<<<<<<<<<<<<<<<<<<A0S6FZ68OYW84528U8L0<<<<<<<<<<<<<<<0,581 Nelson Avenue,Male
P<<Wiza<Karlene<<<<<<<<<<<<<<<<<<<<0WQ5ZL7Y2120KPFAYEDS<<<<<<<<<<73,9 Rusk Parkway,Male
P<<Simonis<<Reggie<<<<<<<<<<<<<<<<<<<<<<1GF6886PT882KD1531<<<<<<<<<<11,80401 Victoria Street,Male
P<Fahey<<Anneliese<<<<<<<<<<<<<<<<<<<<<AWT9466Q41DFRU17FQZZ<<<<<<<<<<<<3,6 Pankratz Trail,Male
P<<Kuhlman<Gaylord<<<<<<<<<<<<<<<<<<<<<<<<0POZB94Q60NEC32NMOOW<<<<<<<<<<63,46 Maryland Street,Male
P<<Bernhard<<Rueben<<<<<<<<<<<<<<<<<<<<<<T2S4XV0VB8GSCHX5D8<<<<<<<<<<<6,95 Parkside Pass,Male
P<Williamson<<Ilse<<<<<<<<<<<<<<<<<<<<<T58WHI5CBCL5G7GD580<<<<<<<<<<7,38 Banding Street,Male
P<<Kihn<<Val<<<<<<<<<<<<<<<<<<<<<<<<<04NJ33155U5O9ZK2X7SX<<<<<<<<<<<<9,73 Darwin Terrace,Female
P<Halvorson<Bobby<<<<<<<<<<<<<<<<<<<<4Z3GQ86921S9O8QVC<<<<<<<<<<<<<9,7574 Beilfuss Avenue,Male
P<Keebler<Lynsey<<<<<<<<<<<<<<<<<<<<<P7Y36D3TT880776O156<<<<<<<<<<21,389 Pierstorff Court,Male
P<Beahan<<Matthew<<<<<<<<<<<<<<<<<<<<<4P4Y55XDR8I2C8Q241Z<<<<<<<<<<<<3,3523 Sunbrook Drive,Female
P<<Kreiger<Marcelo<<<<<<<<<<<<<<<<<<<<RO7CW4313G77PU0IGX7<<<<<<<<<<<<<28,82696 Sommers Trail,Male
P<Schumm<<Edythe<<<<<<<<<<<<<<<<<<<<<<<<<95520LCQX14BPT79<<<<<<<<<<<<<<7,51 Bartelt Hill,Female
P<<Bahringer<Corey<<<<<<<<<<<<<<<<<<<<<<<<<0R5N78Z8L3ZBF76YD<<<<<<<<<<7,5 Artisan Circle,Female
P<Fritsch<<Rosario<<<<<<<<<<<<<<<<<<<<<581BE896RZ98W97L84XE<<<<<<<<<<<<<<36,50 Heath Avenue,Male
P<Stiedemann<Cody<<<<<<<<<<<<<<<<<<<<<<<<X54O3LCHUBQ1XMC<<<<<<<<<<<<<<<5,7974 Schurz Alley,Male
P<Hickle<<Wilford<<<<<<<<<<<<<<<<<<<<<<DS674BIMQO7V0JF5HLZ<<<<<<<<<<<<<<<8,0 Jackson Drive,Female
P<<Hilll<Albert<<<<<<<<<<<<<<<<<<<<<<SG58DPH02H0U4XBU6N6<<<<<<<<<<<<4,524 Thierer Park,Female
P<<Bergnaum<Janeen<<<<<<<<<<<<<<<<<<<<1856E5WJ588F8C87JGAL<<<<<<<<<<<<5,0 Iowa Avenue,Female
P<<O'Keefe<Noel<<<<<<<<<<<<<<<<<<<<<<<3P12L61L91JHK99R67<<<<<<<<<<<<1,3 Cordelia Pass,Male
P<Koelpin<Mikel<<<<<<<<<<<<<<<<<<<<<<<874N0U7B84316FW535<<<<<<<<<<<<<<4,0 South Pass,Female
P<<Lehner<Sandra<<<<<<<<<<<<<<<<<<<<<<<<<TP93Q93T1H8J4Q8X6B<<<<<<<<<<<<<77,0437 Trailsway Avenue,Female
P<Klocko<Maurine<<<<<<<<<<<<<<<<<<<<<<<<U8J33W4DO838H9LX8H7<<<<<<<<<<<5,0 Eastlawn Point,Female
P<<Jacobson<<Drew<<<<<<<<<<<<<<<<<<<<<<<<THCQS810QX2YX10NJ2U<<<<<<<<<<5,2270 Pleasure Park,Female
P<<Mills<<Weldon<<<<<<<<<<<<<<<<<<<<<<9V655GZ08F19AU9Y<<<<<<<<<<<<36,00260 Colorado Crossing,Male
P<Blanda<<Cherrie<<<<<<<<<<<<<<<<<<<<30E50FIZ0129MWRH6L4<<<<<<<<<<<<<<7,901 Trailsway Road,Male
P<Kemmer<<Archie<<<<<<<<<<<<<<<<<<<<<<<<594Z0P5SAW13RD42W1M<<<<<<<<<<<<<<<26,7018 Village Plaza,Female
P<Marquardt<Tonja<<<<<<<<<<<<<<<<<<<<SV8U2LYJ0D46XS2<<<<<<<<<<<<<<8,9533 Dayton Terrace,Female
P<Bartell<Trula<<<<<<<<<<<<<<<<<<<<<<<<<3A635LTM632Z2U6<<<<<<<<<<<<2,5 Fairview Plaza,Male
P<<Quitzon<Delena<<<<<<<<<<<<<<<<<<<<<<<<KZ1FWXYC6JE6M558TALW<<<<<<<<<<6,648 Coleman Lane,Female
P<Schuster<Tandy<<<<<<<<<<<<<<<<<<<<<<<W0S9NBP3QALCEU037<<<<<<<<<<<<<<<8,955 Holy Cross Avenue,Male
P<Davis<<Danny<<<<<<<<<<<<<<<<<<<<<<<<DNPJ950T2335S268W2VQ<<<<<<<<<<<<7,5 Bultman Trail,Female
P<Lubowitz<<Hope<<<<<<<<<<<<<<<<<<<<26086ES9UZ783CJE608<<<<<<<<<<4,12 Stephen Park,Male
P<Bernhard<Nada<<<<<<<<<<<<<<<<<<<<<<<KIA0321Y78S691B<<<<<<<<<<30,6442 Mariners Cove Terrace,Male
P<Corkery<Jerrold<<<<<<<<<<<<<<<<<<<<3FGTS3LO8NY4H36615R<<<<<<<<<<<<09,3458 Beilfuss Street,Male
P<<Volkman<Bobette<<<<<<<<<<<<<<<<<<<<<<<<821211N8HNWVF8AN3X<<<<<<<<<<<<<<<26,910 Lotheville Drive,Male
P<Walsh<<Esmeralda<<<<<<<<<<<<<<<<<<<<<<<<<Z26RVF7TABZO4N6<<<<<<<<<<<<<<<9,51774 Carberry Drive,Female
P<<Reilly<Breanna<<<<<<<<<<<<<<<<<<<<<<<<X13Z8B27U17W40D<<<<<<<<<<<<<43,94510 Memorial Pass,Male
P<Ernser<<Alysa<<<<<<<<<<<<<<<<<<<<<<<7O7877OU9FLAP3P84Z<<<<<<<<<<43,047 Prairieview Place,Male
P<<Halvorson<<Keven<<<<<<<<<<<<<<<<<<<<<<2D6V11M16VSSI71<<<<<<<<<<<<<<<92,09224 Utah Court,Female
P<<Wilderman<<Kori<<<<<<<<<<<<<<<<<<<<<<<BQ29526Y56D661BEZQ7<<<<<<<<<<<<<<31,8 Magdeline Circle,Female
P<Walter<Luella<<<<<<<<<<<<<<<<<<<<<<<UIBRV4RWQNGYK8940RJ<<<<<<<<<<<<<15,02020 Veith Plaza,Female
P<Goldner<Ali<<<<<<<<<<<<<<<<<<<<<<<<5XW9O81E927BIOKTD28<<<<<<<<<<<<<<<6,16186 Village Green Terrace,Male
P<Torp<<Olene<<<<<<<<<<<<<<<<<<<<<<<0WA60FHW44KRPQ9ZFY<<<<<<<<<<<<27,080 Mccormick Drive,Male
P<<Beatty<Kerry<<<<<<<<<<<<<<<<<<<<X780N2IBZGG13QAB565<<<<<<<<<<<<<<07,990 Southridge Street,Male
P<Grady<<Susanne<<<<<<<<<<<<<<<<<<<<<<EB04NVFA6T44301<<<<<<<<<<<2,96009 Dennis Lane,Female
P<Price<Arron<<<<<<<<<<<<<<<<<<<<<WVAVOS7R9FKMT3I<<<<<<<<<<<<<9,9 Ruskin Road,Female
P<<Hoeger<<Osvaldo<<<<<<<<<<<<<<<<<<<<<<<<8YSEXK1U9WJAV6UXU90<<<<<<<<<<<<99,07 Thompson Trail,Male
P<<Rath<<Tammi<<<<<<<<<<<<<<<<<<<<<082YZI355DPGPOD<<<<<<<<<<<<<<5,44 Monument Trail,Male
P<Roberts<<Alexis<<<<<<<<<<<<<<<<<<<<<<<<X2GH4C9OO2XV5V4ME88<<<<<<<<<<<<<01,107 Knutson Parkway,Male
P<<Becker<Shonna<<<<<<<<<<<<<<<<<<<<<<<3T4E84OR678R6G69E<<<<<<<<<<<4,7769 Jenifer Road,Female
P<Stehr<Kay<<<<<<<<<<<<<<<<<<<<<<<P7JAXMWV513L7DMYZXY<<<<<<<<<<2,677 Monument Center,Female
P<D'Amore<<Joshua<<<<<<<<<<<<<<<<<<<<<<9PI7G61G063D07CTG<<<<<<<<<<<<<<<36,7356 Thompson Drive,Male
P<Bogan<Cinthia<<<<<<<<<<<<<<<<<<<<<<E43M03C3D7FFT905U5G<<<<<<<<<<<<<7,18 Northfield Drive,Female
P<Dickens<<Donte<<<<<<<<<<<<<<<<<<<<<<<<W4I909546JB7TWX7<<<<<<<<<<<79,29 Anthes Crossing,Male
P<<Turner<<Paul<<<<<<<<<<<<<<<<<<<<<<<<582TZY01B11TKJ7YNE0D<<<<<<<<<<<<<<<62,98 Marcy Lane,Female
P<<Wintheiser<<Fredda<<<<<<<<<<<<<<<<<<<<<P3YQ91A464V05GA<<<<<<<<<<<<87,63 Delladonna Crossing,Female
P<<Schmitt<<Makeda<<<<<<<<<<<<<<<<<<<<<<<<<MET86MH7QLKV97Y0R1Q5<<<<<<<<<<<<<3,37 Manitowish Way,Male
P<<Kihn<<Christa<<<<<<<<<<<<<<<<<<<<<9P49V6391MT4RH78H<<<<<<<<<<<<<07,38 Red Cloud Park,Female
P<Ritchie<<Casey<<<<<<<<<<<<<<<<<<<<<<<<I9Y05QM6CXY34S4NSX0<<<<<<<<<<<<<<<61,20190 Duke Center,Male
P<Reichert<<Grover<<<<<<<<<<<<<<<<<<<<<<<<<76XR25898LJF0PW8Z6<<<<<<<<<<<18,7860 Dennis Park,Female
P<<Jaskolski<Foster<<<<<<<<<<<<<<<<<<<<<<<<<D8XH7WUV38TZXDO6QD97<<<<<<<<<<<<87,027 Loeprich Alley,Male
P<Hane<Kathaleen<<<<<<<<<<<<<<<<<<<<<11H42250D9289X81HE5K<<<<<<<<<<<<<25,09230 Warbler Park,Female
P<Jewess<<Lenard<<<<<<<<<<<<<<<<<<<<<3X60NP560E51991HN1<<<<<<<<<<<<<<<5,719 Hansons Lane,Female
P<Hartmann<Buford<<<<<<<<<<<<<<<<<<<<<<<<<235T735S5LBIF02<<<<<<<<<<5,000 Sullivan Terrace,Female
P<<Bergstrom<Shelby<<<<<<<<<<<<<<<<<<<<<<<9X0YOTGNOUE2Q127<<<<<<<<<<<46,4 La Follette Road,Female
P<<Dooley<<Hilario<<<<<<<<<<<<<<<<<<<<<<U62D79R2NJQMC3M2<<<<<<<<<<<03,82 Schurz Center,Male
P<Wolf<<Tamiko<<<<<<<<<<<<<<<<<<<<<<<3J7046H477935V7TJPV<<<<<<<<<<<<<83,4 Calypso Drive,Female
P<<Crooks<<Madalyn<<<<<<<<<<<<<<<<<<<<<<<<5R9H0313S590N20CO<<<<<<<<<<<<<<<23,4697 Farwell Parkway,Male
P<<Grimes<Gina<<<<<<<<<<<<<<<<<<<<<1QHJQI80XD1P659K5<<<<<<<<<<<<<<<44,226 International Point,Male
P<Price<Junie<<<<<<<<<<<<<<<<<<<<<<<<<2USY7IF9A54MLQ1D42PY<<<<<<<<<<<<<1,620 Monica Lane,Male
P<Gerhold<<Anton<<<<<<<<<<<<<<<<<<<<<<<<R71B88U50YJ110LB320T<<<<<<<<<<<<<2,3654 Red Cloud Lane,Male
P<<Grady<Catrina<<<<<<<<<<<<<<<<<<<<<4684J6Y4EQV4K71<<<<<<<<<<36,4824 Waxwing Pass,Female
P<<Hegmann<Antoinette<<<<<<<<<<<<<<<<<<<<<<0D25DHNIWW325CGG08I<<<<<<<<<<<<1,466 Lake View Lane,Male
P<<Lakin<Ingrid<<<<<<<<<<<<<<<<<<<<<<<953B6F5831YX461ONZ1<<<<<<<<<<<<<<<9,89833 Acker Terrace,Female
P<<Crooks<<Mariah<<<<<<<<<<<<<<<<<<<<<<1T707259HXN0X5637G8X<<<<<<<<<<<<<5,2 Morning Street,Male
P<Kihn<Irving<<<<<<<<<<<<<<<<<<<<<<I8CD5ACKJK6379LDV70<<<<<<<<<<<<7,94932 Weeping Birch Hill,Male
P<Macejkovic<Omar<<<<<<<<<<<<<<<<<<<<<<<<<2XCQ5WBD8CQ91ZC<<<<<<<<<<<<88,89751 Haas Place,Male
P<<Schinner<Randi<<<<<<<<<<<<<<<<<<<<<<<BKW5L9KQE5YD86BO<<<<<<<<<<<<<<87,05237 Mallory Trail,Female
P<<Heaney<<Winston<<<<<<<<<<<<<<<<<<<<<<<<<ZLE8A7Z31K58B75YGQ<<<<<<<<<<<<<<<6,764 Maple Street,Female
P<Hermann<<Lane<<<<<<<<<<<<<<<<<<<<<<<I5K27F4ND99P2B6BW7<<<<<<<<<<<<<8,33011 Nova Junction,Male
P<Sauer<<Delmar<<<<<<<<<<<<<<<<<<<<<SD5B61D5S74W18B2B<<<<<<<<<<<94,0621 Harper Center,Female
P<<Kautzer<Aaron<<<<<<<<<<<<<<<<<<<<<<<<<SPV2U75374VMU98P<<<<<<<<<<0,31 Thierer Road,Female
P<Gerlach<Leanne<<<<<<<<<<<<<<<<<<<<CXF8K831553ZF19S38U<<<<<<<<<<<<<4,6104 Sheridan Road,Female
P<<Conn<Boyd<<<<<<<<<<<<<<<<<<<<<<<<1IQ6C10HJ22OL9HIW<<<<<<<<<<<<<<<43,8913 Sullivan Terrace,Female
P<<Upton<Rory<<<<<<<<<<<<<<<<<<<<<<H8428EH3I0V37AR37<<<<<<<<<<<87,68910 Corben Lane,Female
P<Stroman<<Lynn<<<<<<<<<<<<<<<<<<<<94BKP2V3728K8LM74N1<<<<<<<<<<88,880 Arapahoe Alley,Female
P<Cronin<<Antony<<<<<<<<<<<<<<<<<<<<<<LWGOZ36BCX4UC3AVL<<<<<<<<<<<<<<<22,29 Barnett Plaza,Female
P<Pacocha<<Willis<<<<<<<<<<<<<<<<<<<<<<TP82H710GX11AB1JAY6<<<<<<<<<<<<<<1,4 Knutson Lane,Female
P<Murazik<Ngan<<<<<<<<<<<<<<<<<<<<<<<<72PEVCW0KN5VQE8I48<<<<<<<<<<<<<13,60 Superior Center,Female
P<<Barton<<Wilburn<<<<<<<<<<<<<<<<<<<<7NE389DXYT3ILUD6<<<<<<<<<<96,7 Shopko Court,Male
P<<Rowe<<Trinity<<<<<<<<<<<<<<<<<<<<<<W8SSV672R605H4PY3OZ5<<<<<<<<<<<<<<4,10 Sage Park,Male
P<<Prohaska<Ned<<<<<<<<<<<<<<<<<<<<<<<<<FVTX95468F12787O77<<<<<<<<<<8,85297 Nancy Avenue,Female
P<Bradtke<<Alvaro<<<<<<<<<<<<<<<<<<<<<<<<UZ22F54709638617E093<<<<<<<<<<<<<6,717 Sloan Terrace,Female
P<<Feeney<<Farrah<<<<<<<<<<<<<<<<<<<<<<<<Q4J8XD2Z937Z148<<<<<<<<<<<<<2,10 Nelson Parkway,Male
P<<Boyer<<Dorian<<<<<<<<<<<<<<<<<<<<<2V9635IBKGB7L93A2R<<<<<<<<<<50,3501 Sundown Terrace,Female
P<Monahan<<Jayson<<<<<<<<<<<<<<<<<<<<<83KZC230JNGYZ4F09YB0<<<<<<<<<<<<29,2426 Swallow Way,Female
P<<Kshlerin<Jammie<<<<<<<<<<<<<<<<<<<<<M17ML5HCZ6W702SCY6RC<<<<<<<<<<<<<<<6,7 Northland Park,Male
P<Towne<Juliana<<<<<<<<<<<<<<<<<<<<<<<<0ZP9E0S7PCHSFJ0I1<<<<<<<<<<<<<4,068 Brickson Park Drive,Female
P<<Altenwerth<Cody<<<<<<<<<<<<<<<<<<<<<<<<<E01KU0RXJ9NUVN48820<<<<<<<<<<<<8,4343 Bluestem Junction,Male
P<Wuckert<Bryan<<<<<<<<<<<<<<<<<<<<<<<<DJ809FMS5IWH1D8NMKA<<<<<<<<<<<<<31,9985 Bobwhite Center,Male
P<<Klein<<Leroy<<<<<<<<<<<<<<<<<<<<<<<<<J7637H16VG05XZPSE3X<<<<<<<<<<<4,65804 Evergreen Place,Female
P<<Johns<<Houston<<<<<<<<<<<<<<<<<<<<F0OPL9ILSJ3Q10U3TZ<<<<<<<<<<<<78,4997 Bluestem Drive,Female
P<Kreiger<<Eleanor<<<<<<<<<<<<<<<<<<<<<<<<<O4QP3Q96KS91MO12<<<<<<<<<<<<<2,5615 Mcguire Lane,Female
P<Rippin<Samuel<<<<<<<<<<<<<<<<<<<<<<<8U6X07E108W816QW1O<<<<<<<<<<29,02029 Corscot Street,Female
P<Stehr<<Mikel<<<<<<<<<<<<<<<<<<<<<<<<61Y2FDD16BP809CSY1B<<<<<<<<<<<<<5,554 Bartelt Point,Male
P<Yundt<Nicolas<<<<<<<<<<<<<<<<<<<<<<<H71409LYNRQ0989HKTJA<<<<<<<<<<<<0,87 Heffernan Parkway,Female
P<Hyatt<<Delisa<<<<<<<<<<<<<<<<<<<<<<U63T20N6Y7AO6T38ZWAM<<<<<<<<<<<<7,63 Ramsey Junction,Female
P<<Schuppe<Lucinda<<<<<<<<<<<<<<<<<<<<U366YKF6LD2C996<<<<<<<<<<<69,9456 Stone Corner Point,Female
P<<Okuneva<Javier<<<<<<<<<<<<<<<<<<<<C445YC1O93W656F8D6C3<<<<<<<<<<<<<16,96 Arapahoe Street,Male
P<Mraz<Ronnie<<<<<<<<<<<<<<<<<<<<U956LMKM6O59L5R9J<<<<<<<<<<<<8,092 Lyons Lane,Male
P<<Gislason<<Nell<<<<<<<<<<<<<<<<<<<<<<<<<HZ098ZAAS61WH4EL8<<<<<<<<<<<<<<95,060 Hintze Street,Female
P<Spencer<Ryan<<<<<<<<<<<<<<<<<<<<<<0J06Q946H8QOP4M1I<<<<<<<<<<<<<2,0 Riverside Avenue,Male
P<<Goldner<Donald<<<<<<<<<<<<<<<<<<<<<<<<<335SZC9O0818TKWOW4W<<<<<<<<<<<<<<<3,64958 Marcy Way,Female
P<<Koch<Erika<<<<<<<<<<<<<<<<<<<<<<X1B7J2559XWF5J0V<<<<<<<<<<<<<<<81,221 Lukken Court,Male
P<Bartoletti<<Marco<<<<<<<<<<<<<<<<<<<<88J588HUZ1683736C4<<<<<<<<<<<<<<89,10187 Hauk Road,Female
P<Reynolds<Clelia<<<<<<<<<<<<<<<<<<<<D8KJY0I8Q8O987O69<<<<<<<<<<64,5313 Kedzie Center,Female
P<West<Herbert<<<<<<<<<<<<<<<<<<<<OW52875US8163M7K9A<<<<<<<<<<9,9979 American Place,Male
P<<Wuckert<<Britt<<<<<<<<<<<<<<<<<<<<<<<I3OQ154762C655C7UXJ<<<<<<<<<<<<<6,92816 Kenwood Alley,Female
P<Pollich<<Jonnie<<<<<<<<<<<<<<<<<<<<<<<<FLZOO5A2SVG07530108<<<<<<<<<<<<<<9,6 Almo Parkway,Female
P<Orn<King<<<<<<<<<<<<<<<<<<<<F9GH5OXUOW6OQNW<<<<<<<<<<39,95248 Rigney Hill,Female
P<<Yost<Bertram<<<<<<<<<<<<<<<<<<<<<<<H97ZPQ047E87LRESM6<<<<<<<<<<<<<27,8 Merchant Court,Female
P<<Wisoky<Doreatha<<<<<<<<<<<<<<<<<<<<<<<<6S98BIUO8I201D853S7O<<<<<<<<<<62,428 Colorado Place,Male
P<Grant<<Matthew<<<<<<<<<<<<<<<<<<<<<<<<<4Z0E1K2HV8R0858JY7<<<<<<<<<<<<<37,70178 Jana Court,Male
P<Wyman<Dwain<<<<<<<<<<<<<<<<<<<<<CQJ0G8PP3V8ZV8EJ14<<<<<<<<<<<<<<<6,3681 Bluejay Hill,Female
P<<Rau<Shae<<<<<<<<<<<<<<<<<<<<<<<<6189F460IAHC25QP<<<<<<<<<<<<<<<56,5 Upham Pass,Male
P<McGlynn<<Russell<<<<<<<<<<<<<<<<<<<<<<<<1I328GWG4RL84V3<<<<<<<<<<23,1588 Dawn Parkway,Female
P<Maggio<Leota<<<<<<<<<<<<<<<<<<<<<<<0H982MMD46U4K6Q10UWK<<<<<<<<<<<<<<<5,013 Jana Court,Female
P<<Howell<<Stefanie<<<<<<<<<<<<<<<<<<<<0COJTXY7GN05ZCD<<<<<<<<<<<<<<<56,36121 Cherokee Park,Female
P<<Kassulke<<Melani<<<<<<<<<<<<<<<<<<<<<<<<<QQ1JRT183XV4GZ2D9T88<<<<<<<<<<<<<<99,1818 Forest Terrace,Female
P<<Lowe<Madelyn<<<<<<<<<<<<<<<<<<<<<<<<GZYC7Q7WH2149UT<<<<<<<<<<<<<65,60 Scofield Court,Female
P<<Morissette<<Valentine<<<<<<<<<<<<<<<<<<<<<<V62C8YG95K8Y851<<<<<<<<<<5,9 Iowa Road,Male
P<Wilderman<Martha<<<<<<<<<<<<<<<<<<<<<<<JH9D0UIU124DTW75<<<<<<<<<<<<<69,8501 Grasskamp Lane,Female
P<Gusikowski<Billie<<<<<<<<<<<<<<<<<<<<<<42Y595O5N8M0ZQCKBW<<<<<<<<<<<<<<43,5 Northfield Parkway,Female
P<<Keeling<<Ned<<<<<<<<<<<<<<<<<<<<<<<7BI9G4T5LF2AQ18<<<<<<<<<<<7,932 Stoughton Parkway,Female
P<White<<Teresia<<<<<<<<<<<<<<<<<<<<<<<Y3IZWO646QY7ZD33<<<<<<<<<<<<0,6945 Lighthouse Bay Crossing,Female
P<Mohr<<Reid<<<<<<<<<<<<<<<<<<<<<<<<<9849506IF9KX5F9P6<<<<<<<<<<<<<7,59663 Bowman Lane,Male
P<<Jacobson<Dewitt<<<<<<<<<<<<<<<<<<<<<<1NUA7Z81364WPUZ688J1<<<<<<<<<<<<<<<8,8278 Atwood Street,Female
P<Weimann<August<<<<<<<<<<<<<<<<<<<<4LXC57TC974XG70OV<<<<<<<<<<<<<<4,66936 Loeprich Street,Female
P<<Wolff<Saul<<<<<<<<<<<<<<<<<<<<<<90LS1I880T460F7W<<<<<<<<<<<<<<<9,378 Weeping Birch Terrace,Male
P<<Howell<<Sudie<<<<<<<<<<<<<<<<<<<<<R49W942D56G06CSZ69A5<<<<<<<<<<<<<<06,82 Brickson Park Place,Male
P<Bednar<Twana<<<<<<<<<<<<<<<<<<<<<GAT2O269T3Y2J1S<<<<<<<<<<<<<<<4,39845 Moose Center,Male
P<<Mante<Tommy<<<<<<<<<<<<<<<<<<<<<669978163V40OY7<<<<<<<<<<<63,0165 South Crossing,Male
P<Predovic<<Rodolfo<<<<<<<<<<<<<<<<<<<<<L5Q5KA1TE7A9WI16A<<<<<<<<<<<<<<4,15 Hollow Ridge Plaza,Male
P<<Corwin<Lai<<<<<<<<<<<<<<<<<<<<<<<<32X504V989374MKO2<<<<<<<<<<<45,8074 Alpine Drive,Male
P<<Sauer<Larisa<<<<<<<<<<<<<<<<<<<<<<<8VF3Q85518R8U0K97Y<<<<<<<<<<<<<7,2684 Melby Circle,Male
P<<Swaniawski<<Aubrey<<<<<<<<<<<<<<<<<<<<<<<<129C6M6F3XC6Q3SA<<<<<<<<<<<<7,52446 Sheridan Point,Female
P<<Abernathy<Pat<<<<<<<<<<<<<<<<<<<<<<<<<BVF78W3276P7OMQB<<<<<<<<<<<<<<<8,618 Green Court,Male
P<<Marks<Letisha<<<<<<<<<<<<<<<<<<<<<<<<3S4LK199M70A20872<<<<<<<<<<<<<94,874 Del Sol Road,Male
P<Beer<<Brittni<<<<<<<<<<<<<<<<<<<<Y7UL0995078H89C<<<<<<<<<<<<<<90,6997 Crescent Oaks Hill,Male
P<<Toy<Desmond<<<<<<<<<<<<<<<<<<<<<<<326OCX3TJYUFKCN6VL<<<<<<<<<<<<3,02 Montana Point,Male
P<<Herman<<Desirae<<<<<<<<<<<<<<<<<<<<<<<7XI9Y3B86Z8QFF7<<<<<<<<<<<<<14,9818 Clemons Lane,Male
P<<Kautzer<Jessika<<<<<<<<<<<<<<<<<<<<<<<<<26TTC4185K5JW63<<<<<<<<<<<<<48,49359 Nova Lane,Female
P<Ankunding<Eliseo<<<<<<<<<<<<<<<<<<<<<<WA21LY17ZB7CXM58<<<<<<<<<<<<57,977 Golf View Hill,Female
P<<Walter<<Hong<<<<<<<<<<<<<<<<<<<<<<<575446Y7E3X89J6Z934A<<<<<<<<<<<<<<<7,8853 Sundown Park,Female
P<<Spencer<Theo<<<<<<<<<<<<<<<<<<<<<C8492M88CP5GD03WH<<<<<<<<<<<<<<<19,2 Knutson Road,Female
P<Jewess<<Clay<<<<<<<<<<<<<<<<<<<<<<<<<8848J82I85M1H9S68F6<<<<<<<<<<5,286 Vera Drive,Female
P<Gleichner<Shaun<<<<<<<<<<<<<<<<<<<<<9C498ZHA22SM222191<<<<<<<<<<<<<<<45,4 Mallory Drive,Female
P<<Toy<<Humberto<<<<<<<<<<<<<<<<<<<<<0B541UW2F14C8H9<<<<<<<<<<<<<<4,27 Lakeland Plaza,Female
P<Willms<Ivonne<<<<<<<<<<<<<<<<<<<<<<<<<CE0915126I3AGN5H93B<<<<<<<<<<<<40,0 Bluestem Center,Female
P<<King<<Iva<<<<<<<<<<<<<<<<<<<<<<<<NHF431623PBKMYY<<<<<<<<<<<<<<<51,704 Monument Pass,Male
P<Schaefer<Fausto<<<<<<<<<<<<<<<<<<<<<<HCT52E05A1ZJBV9N576<<<<<<<<<<<<60,81 Talmadge Crossing,Female
P<<Mohr<Verlie<<<<<<<<<<<<<<<<<<<<<<<<<8D115TLEQ1U2PH36<<<<<<<<<<35,0 Texas Junction,Female
P<Bogisich<<Larry<<<<<<<<<<<<<<<<<<<<<<LC1EA1X2ZFM0Y2AS5<<<<<<<<<<<<<<<7,28640 Sugar Pass,Male
P<Hayes<<Arleen<<<<<<<<<<<<<<<<<<<<<<<992U35176U2X42CF<<<<<<<<<<<4,48 Luster Parkway,Male
P<Ferry<<Karl<<<<<<<<<<<<<<<<<<<<Z9Q66LQ3W9VWA6Q11<<<<<<<<<<<<<<1,75538 Lindbergh Street,Female
P<<Mraz<<Genaro<<<<<<<<<<<<<<<<<<<<<N64T8W12392K485<<<<<<<<<<<69,9984 Butterfield Hill,Female
P<<Dach<<Shawanda<<<<<<<<<<<<<<<<<<<<<<GAF80996TJNA2R3425F<<<<<<<<<<<<84,93597 Holy Cross Center,Male
P<Koelpin<Jarrod<<<<<<<<<<<<<<<<<<<<<<<<<6T8257MTRCH511Y4<<<<<<<<<<<<<<<67,6953 Forster Alley,Female
P<<Cummings<Isaac<<<<<<<<<<<<<<<<<<<<<<<<USO8HU24VEE4S244<<<<<<<<<<<<<<47,20 Spohn Way,Male
P<<Cummerata<Reda<<<<<<<<<<<<<<<<<<<<<<<<<569N73MZAK8D126S2AIN<<<<<<<<<<<<01,6 Bayside Place,Female
P<<Feeney<Ariane<<<<<<<<<<<<<<<<<<<<<<<<<3227K75CCW71M3ZN3H<<<<<<<<<<<<<2,519 Heath Park,Male
P<<Wolf<Summer<<<<<<<<<<<<<<<<<<<<<<<<S4IAY59492DY79K02ACU<<<<<<<<<<36,21916 Beilfuss Way,Female
P<<Medhurst<Kermit<<<<<<<<<<<<<<<<<<<<<ZUQQSG8PQEOKLUVL92Q0<<<<<<<<<<<<<8,4 Coolidge Court,Female
P<<Harvey<<Cole<<<<<<<<<<<<<<<<<<<<<P47T12Q6NA8Y9PZ005IR<<<<<<<<<<07,2 Brown Trail,Female
P<<Jones<<Chandra<<<<<<<<<<<<<<<<<<<<<<<<PLX96369647GT15219<<<<<<<<<<<<<<<38,57 Blue Bill Park Park,Female
P<VonRueden<<Lucas<<<<<<<<<<<<<<<<<<<<3OQ102961DB20LP4N2<<<<<<<<<<<75,4 Birchwood Street,Female
P<<Anderson<<Ara<<<<<<<<<<<<<<<<<<<<<<I0DNV387LP7ALII405<<<<<<<<<<3,1226 Hoard Road,Female
P<<Grimes<Marni<<<<<<<<<<<<<<<<<<<<6SL293ULW10FHE6B<<<<<<<<<<<63,5933 Logan Avenue,Female
P<<Prosacco<Errol<<<<<<<<<<<<<<<<<<<<<<<<CTZ8DGJ2LT117CN81<<<<<<<<<<<1,210 Bultman Road,Female
P<<Wuckert<<Roseanne<<<<<<<<<<<<<<<<<<<<<60BDXL52YXNNK50X<<<<<<<<<<<<<<55,8 Shoshone Point,Male
P<Pollich<<Glen<<<<<<<<<<<<<<<<<<<<<<<<S0N817AO7VZ22G6397R<<<<<<<<<<<26,37 Mccormick Way,Male
P<<Davis<<Charmaine<<<<<<<<<<<<<<<<<<<<<<<<<A53U4R6631YSM6P2<<<<<<<<<<<71,777 Badeau Court,Female
P<<Flatley<Kelvin<<<<<<<<<<<<<<<<<<<<<<<<<MMAAVASNBAPH809<<<<<<<<<<<<<<<3,05186 Esch Court,Male
P<Wolff<Yasmin<<<<<<<<<<<<<<<<<<<<JJ6A77764J458AWW<<<<<<<<<<<<<<<90,58 Canary Street,Female
P<<Waelchi<<Buck<<<<<<<<<<<<<<<<<<<<<<<<<84LG1Y7290B6U6HE1G2M<<<<<<<<<<<6,5 Fremont Parkway,Female
P<<Lueilwitz<<Dionne<<<<<<<<<<<<<<<<<<<<Y63537I832HJ0ED<<<<<<<<<<<<<<10,029 East Place,Female
P<<Hahn<<Gabriele<<<<<<<<<<<<<<<<<<<<<<QUE0FDR6BRRUAKGRM5R<<<<<<<<<<<<1,5 Clarendon Trail,Male
P<Spencer<<Chuck<<<<<<<<<<<<<<<<<<<<<<<<<N00KA03G94E0P260JZL3<<<<<<<<<<<<<<34,15 Dayton Park,Male
P<Miller<Cheree<<<<<<<<<<<<<<<<<<<<<<<<<01N331F6CW27FD70<<<<<<<<<<<<<<<66,1 Ryan Lane,Female
P<<Legros<Royce<<<<<<<<<<<<<<<<<<<<<<<<<Y61UN012ML2YB7I21TU<<<<<<<<<<<<<<2,62 Amoth Alley,Female
P<<McCullough<Thalia<<<<<<<<<<<<<<<<<<<<<<<<6T5F6O9HX8MME427GGR<<<<<<<<<<<<<<<1,01268 Judy Junction,Male
P<Streich<<Karl<<<<<<<<<<<<<<<<<<<<YD5O9JDWC82J6BD1<<<<<<<<<<<<<<<3,54491 Oriole Crossing,Female
P<<Shields<Vicente<<<<<<<<<<<<<<<<<<<<1F6085WE9NPS4A0T<<<<<<<<<<<<<21,4932 Sachtjen Drive,Female
P<Bins<Nathan<<<<<<<<<<<<<<<<<<<<<CZF0N4YV446175Y46O<<<<<<<<<<<45,322 Forest Run Court,Male
P<Christiansen<Jenell<<<<<<<<<<<<<<<<<<<<<0HV81WB3PH2D639B<<<<<<<<<<<<8,02 David Road,Male
P<<Larson<Melinda<<<<<<<<<<<<<<<<<<<<<<G7J717N53F4NJ7M<<<<<<<<<<02,833 Doe Crossing Park,Female
P<<Spinka<<Joane<<<<<<<<<<<<<<<<<<<<<<<<<M54R5J0C9VFTHHOK9<<<<<<<<<<<3,4143 Lawn Drive,Male
P<<Langosh<<Luigi<<<<<<<<<<<<<<<<<<<<<<<<<PGFFFAU8ZO6TWDUZ7PJ<<<<<<<<<<6,92 Schlimgen Crossing,Female
P<Olson<<Antione<<<<<<<<<<<<<<<<<<<<<<82VX0X44KGJXCZO3U1L<<<<<<<<<<<<<<<5,99526 Pepper Wood Point,Male
P<Ernser<Glenn<<<<<<<<<<<<<<<<<<<<<Y39584N28545C8RINPT<<<<<<<<<<<4,2595 Upham Park,Male
P<<Hackett<<Rosendo<<<<<<<<<<<<<<<<<<<<970U09Y52FLCJL1K1A0<<<<<<<<<<<<<7,51704 Beilfuss Parkway,Male
P<<Quigley<<Shelba<<<<<<<<<<<<<<<<<<<<<<<<<780ATI2BHO7F56RE5A<<<<<<<<<<<<<<30,82252 Larry Point,Male
P<Kshlerin<Marline<<<<<<<<<<<<<<<<<<<<<<<<<223XAA55GNP0CJD72SD<<<<<<<<<<<<<<0,47972 Toban Point,Female
P<Reichel<Roberto<<<<<<<<<<<<<<<<<<<<P3JX7DGB49KJ81II06<<<<<<<<<<<<<<60,764 Center Way,Male
P<Marquardt<<Jonas<<<<<<<<<<<<<<<<<<<<1SEQC15J86PG7AA94K5<<<<<<<<<<<<<<<47,61 Arizona Pass,Female
P<<Walter<<Danial<<<<<<<<<<<<<<<<<<<<X03GZ3453VMM2UUG<<<<<<<<<<<<3,6 Portage Center,Male
P<Durgan<<Trinidad<<<<<<<<<<<<<<<<<<<<<<<<9I1TFY5MK74I4U0M53<<<<<<<<<<<<<60,89 Dottie Circle,Male
P<<Skiles<<Billie<<<<<<<<<<<<<<<<<<<<<<<Y05NP9G1SNH2Q12<<<<<<<<<<<<<<59,83 Monica Street,Male
P<Schuster<<Nigel<<<<<<<<<<<<<<<<<<<<F1B88SR93X7O7F81B<<<<<<<<<<<<<<2,55 Thierer Court,Female
P<Halvorson<<Melva<<<<<<<<<<<<<<<<<<<<<<<<G971ACUDNU3E0JX0<<<<<<<<<<<<<08,1 Westerfield Crossing,Male
P<<O'Conner<<Patricia<<<<<<<<<<<<<<<<<<<<<<<<G4R5NR377D35LS1<<<<<<<<<<<<<<<6,6 Luster Lane,Male
P<Dickinson<Laila<<<<<<<<<<<<<<<<<<<<<<<<<M3S8Q5HK03V84KX8JS38<<<<<<<<<<<<55,8 Melvin Trail,Female
P<Douglas<<Aleta<<<<<<<<<<<<<<<<<<<<<032Y41C2HVK5881KCPS<<<<<<<<<<<<84,66532 Kennedy Avenue,Female
P<Deckow<<Horacio<<<<<<<<<<<<<<<<<<<<<<<X6L0IWX1560A2ECIV2<<<<<<<<<<<8,88602 Fallview Drive,Male
P<Harber<<Lulu<<<<<<<<<<<<<<<<<<<<<U19A2527KI56V6UK7F0V<<<<<<<<<<58,80 Valley Edge Park,Male
P<<Gusikowski<<Clair<<<<<<<<<<<<<<<<<<<<055BEBI6Q00IOX28TL17<<<<<<<<<<<<<14,29280 Buell Drive,Female
P<Jewess<George<<<<<<<<<<<<<<<<<<<<K51E0OIY79GP118A<<<<<<<<<<<<<29,2 Ryan Junction,Female
P<<Blanda<<Andre<<<<<<<<<<<<<<<<<<<<<<Q15LE2PKPWKYWY87KGK<<<<<<<<<<<<56,8449 Kinsman Court,Female
P<<Swaniawski<Robbie<<<<<<<<<<<<<<<<<<<<<<F12FX8XRBBR86M7DDG<<<<<<<<<<75,8945 Fulton Drive,Female
P<Von<Tristan<<<<<<<<<<<<<<<<<<<<MYB9L455789X1Y0ZS<<<<<<<<<<<<8,1331 Evergreen Avenue,Male
P<Ryan<<Chester<<<<<<<<<<<<<<<<<<<<<<<<<L7SDW8DN40WB57E1XS<<<<<<<<<<<<<<3,32640 6th Place,Male
P<<Erdman<Jared<<<<<<<<<<<<<<<<<<<<<<<<<M1P01B042J76YHF<<<<<<<<<<<<46,842 Sauthoff Lane,Female
P<<Hodkiewicz<Sal<<<<<<<<<<<<<<<<<<<<<<9B885X0QUSB423K7<<<<<<<<<<<<<<8,443 Riverside Crossing,Female
P<<Shanahan<<Jeraldine<<<<<<<<<<<<<<<<<<<<D0ZYC3C9634NG940JS28<<<<<<<<<<<<<40,9533 Atwood Alley,Male
P<Conroy<<Prudence<<<<<<<<<<<<<<<<<<<<<<<<42I19FFN6ZSSY6XXX<<<<<<<<<<<<<<1,795 Autumn Leaf Alley,Female
P<<Wiegand<<Rayford<<<<<<<<<<<<<<<<<<<<<<<<<33E74R3BVSUB5GMF<<<<<<<<<<<<4,79407 Golf Plaza,Male
P<Hand<<Tristan<<<<<<<<<<<<<<<<<<<<2WOO9PF3H712DXV83<<<<<<<<<<<4,879 Westerfield Lane,Male
P<<Nicolas<Gerard<<<<<<<<<<<<<<<<<<<<<<<<V4O1Z4JA26W3Z97OJ93<<<<<<<<<<<3,5 Meadow Valley Street,Female
P<<Veum<<Gia<<<<<<<<<<<<<<<<<<<<8YA99RZKV2X39MZ<<<<<<<<<<<2,612 Eagle Crest Junction,Female
P<Sanford<<Chere<<<<<<<<<<<<<<<<<<<<<F1L9L21H514V6Z56S<<<<<<<<<<<8,5 Fairfield Park,Female
P<Armstrong<Stefan<<<<<<<<<<<<<<<<<<<<<<<<<2WAJZWCK8TMBFIAZ<<<<<<<<<<1,985 Pond Terrace,Male
P<Tromp<Frances<<<<<<<<<<<<<<<<<<<<<<<<<27F9TKUQXD1X4ID<<<<<<<<<<85,6295 Transport Terrace,Female
P<<Hirthe<<Joshua<<<<<<<<<<<<<<<<<<<<<<<<3078R8BV3R8YOR26GWGV<<<<<<<<<<<<<<80,72219 Nelson Drive,Female
P<Bartoletti<Daniell<<<<<<<<<<<<<<<<<<<<LPZNSMD2QCCA0IOU0WIS<<<<<<<<<<<<<32,7 Merrick Street,Female
P<Haag<<Jayna<<<<<<<<<<<<<<<<<<<<<<<<<YX34K3EWF4AE3L622Q<<<<<<<<<<<<85,71328 Stuart Court,Female
P<Doyle<<Trent<<<<<<<<<<<<<<<<<<<<<<<<47P1SB2X59BNO39Y2<<<<<<<<<<<<74,5472 Veith Junction,Female
P<Corwin<Dino<<<<<<<<<<<<<<<<<<<<<<<<<GQ97E995GA30J559<<<<<<<<<<<<<<0,36584 Brown Circle,Male
P<<Franecki<<Cliff<<<<<<<<<<<<<<<<<<<<<<ZE98237999T615M<<<<<<<<<<<<<04,11099 Spaight Hill,Male
P<<Rolfson<Alysha<<<<<<<<<<<<<<<<<<<<<<<<K31VV909D59RL71SY<<<<<<<<<<<<<1,2842 Brown Trail,Male
P<<O'Hara<<Damion<<<<<<<<<<<<<<<<<<<<<<<0N519841855J84813<<<<<<<<<<<<0,2380 Summit Hill,Female
P<<Weber<<Essie<<<<<<<<<<<<<<<<<<<<<<D4T9562217Y16028P<<<<<<<<<<<<<<84,2 Carpenter Circle,Male
P<<O'Reilly<<Darrin<<<<<<<<<<<<<<<<<<<<<<<<0ELA439XH664A81XK0A<<<<<<<<<<<<<<7,0132 Michigan Drive,Male
P<Murazik<Florida<<<<<<<<<<<<<<<<<<<<<<<0CXHOBQOT10RHI7VS49<<<<<<<<<<<<<<27,137 Kenwood Avenue,Female
P<<McKenzie<Trisha<<<<<<<<<<<<<<<<<<<<<25R769H8PP602963<<<<<<<<<<45,56848 Merchant Road,Male
P<Schinner<<Avis<<<<<<<<<<<<<<<<<<<<<<<Q522HCRUS1KD24A053<<<<<<<<<<4,5633 Rockefeller Street,Female
P<DuBuque<<Santos<<<<<<<<<<<<<<<<<<<<<<X1N5AT1796H9Z02EH<<<<<<<<<<<<34,3 3rd Place,Female
P<Abernathy<<Colby<<<<<<<<<<<<<<<<<<<<<QL16PH784599G149<<<<<<<<<<<<<<<9,6 Mifflin Place,Male
P<<Emard<<Leopoldo<<<<<<<<<<<<<<<<<<<<<<<<54E9S380N1GXAL59F1E<<<<<<<<<<<<37,1913 Norway Maple Terrace,Female
P<Dickens<Monique<<<<<<<<<<<<<<<<<<<<<<<<1YRB933AY6XHW0F<<<<<<<<<<<<6,619 Old Gate Terrace,Female
P<<Stamm<Seymour<<<<<<<<<<<<<<<<<<<<<47N92KSB74A06L3JC357<<<<<<<<<<<<1,4928 Weeping Birch Center,Female
P<Hermiston<<Awilda<<<<<<<<<<<<<<<<<<<<<<<2D72I9144V7I9M4<<<<<<<<<<3,65503 Banding Street,Male
P<<Jerde<Marya<<<<<<<<<<<<<<<<<<<<<<<69S6P06BIQQ0Q12X5<<<<<<<<<<<<<<27,0 International Trail,Male
P<Graham<Berry<<<<<<<<<<<<<<<<<<<<<<08C1Z41YYB1LM4B7MLXS<<<<<<<<<<<<<0,39 Katie Parkway,Male
P<<Stehr<<Kenneth<<<<<<<<<<<<<<<<<<<<<<<<9J636BC1J2L1XUJ<<<<<<<<<<4,59 Arizona Alley,Male
P<<Bruen<<Mable<<<<<<<<<<<<<<<<<<<<<<<<IWW591TJUH9UZ4JI<<<<<<<<<<6,311 Springs Street,Female
P<Conroy<<Johnnie<<<<<<<<<<<<<<<<<<<<<<<<6N6P81JRYQJ2Y0U7<<<<<<<<<<<4,56164 Golden Leaf Way,Female
P<McLaughlin<<Freddie<<<<<<<<<<<<<<<<<<<<<<<<<F7BO5036355Z12WC4<<<<<<<<<<<<<<<72,23 Old Gate Road,Female
P<Kessler<<Trevor<<<<<<<<<<<<<<<<<<<<<<<F12Q9G9KY7Q6AVF7SZ0D<<<<<<<<<<<<8,4398 Eliot Terrace,Male
P<Wehner<Henry<<<<<<<<<<<<<<<<<<<<<<154INGX2TF1R8I6<<<<<<<<<<9,29018 Sage Street,Female
P<Bins<Roxane<<<<<<<<<<<<<<<<<<<<<J8C795429Z9J2303864<<<<<<<<<<<<<<<28,4281 Esch Park,Female
P<Stiedemann<<Lawrence<<<<<<<<<<<<<<<<<<<<Z6NJHW14G1N0YT1<<<<<<<<<<<<28,42412 Nelson Circle,Female
P<Kovacek<<Irving<<<<<<<<<<<<<<<<<<<<<<<<ZKRCKT34693P659<<<<<<<<<<<<<4,1267 Maple Plaza,Male
P<Marvin<Kortney<<<<<<<<<<<<<<<<<<<<<531NVPZ15B6TP1BT<<<<<<<<<<<<<<<6,502 Kinsman Trail,Female
P<<Ratke<Jason<<<<<<<<<<<<<<<<<<<<JKORITWO24B3R11<<<<<<<<<<<64,11132 Lawn Hill,Female
P<<Schiller<Gail<<<<<<<<<<<<<<<<<<<<<<<PYG06PR790U22687<<<<<<<<<<69,983 Sachs Terrace,Male
P<<Abernathy<<Maureen<<<<<<<<<<<<<<<<<<<<<<<<VU3T64B55I25BMQBEQF<<<<<<<<<<<<<<10,544 Jenifer Place,Female
P<Gaylord<Sharyl<<<<<<<<<<<<<<<<<<<<<<<7PD39M8035M0S1ZP0ER<<<<<<<<<<<<<<<8,634 Anderson Alley,Male
P<Mante<<Erma<<<<<<<<<<<<<<<<<<<<<<<<MN0CK11999071O3<<<<<<<<<<<2,2430 Express Point,Male
P<Daniel<Clora<<<<<<<<<<<<<<<<<<<<<<<XW6WMBS2B9Y7SL86H6T6<<<<<<<<<<<<9,27 Village Green Terrace,Male
P<Schneider<<Ardelle<<<<<<<<<<<<<<<<<<<<<<<<<15R8O4G1W9V83401Z884<<<<<<<<<<<<39,0187 Buena Vista Trail,Male
P<<Cruickshank<Eugenia<<<<<<<<<<<<<<<<<<<<<<<<<371J50A14073NI8MK<<<<<<<<<<<<52,959 Corben Junction,Male
P<Jewess<Hugh<<<<<<<<<<<<<<<<<<<<3H8C2C56PIR75H02O7N<<<<<<<<<<<<<<2,98 Londonderry Place,Female
P<<Mitchell<<Mindi<<<<<<<<<<<<<<<<<<<<96L2KV196K6BCY1G9D<<<<<<<<<<<89,98 Trailsway Park,Male
P<Powlowski<Halina<<<<<<<<<<<<<<<<<<<<<<<<<7W4R3G5QJ22PR1T<<<<<<<<<<<<<11,714 Daystar Place,Male
P<<Hermann<Williams<<<<<<<<<<<<<<<<<<<<<<<<<U33DKRW3W41A3J3<<<<<<<<<<<<<8,8366 Ilene Hill,Female
P<Klein<<Nigel<<<<<<<<<<<<<<<<<<<<<<<EW2P4X2T41SQM5939<<<<<<<<<<<<<<<9,9740 Lunder Plaza,Female
P<Sporer<Ahmad<<<<<<<<<<<<<<<<<<<<L7A5ER1LH1535D4737<<<<<<<<<<74,6 Autumn Leaf Terrace,Male
P<Emard<Arnold<<<<<<<<<<<<<<<<<<<<<<<<<E93M89ODP4R60C3V<<<<<<<<<<<<<<<5,2201 Chinook Court,Female
P<Braun<<Ethan<<<<<<<<<<<<<<<<<<<<<<<<<57EF629S4TL0887<<<<<<<<<<<<<<<72,21134 Logan Trail,Female
P<<Luettgen<Kitty<<<<<<<<<<<<<<<<<<<<<<<<<49L744W0645R8DQIQJ<<<<<<<<<<<<<<<32,572 Dayton Circle,Male
P<<Beahan<Gerry<<<<<<<<<<<<<<<<<<<<<VR9D0SORQ983R42J9Q5F<<<<<<<<<<<<76,232 Thierer Junction,Female
P<<McGlynn<Jerica<<<<<<<<<<<<<<<<<<<<<<CZ51JW7VN4LW2C9U1O3<<<<<<<<<<<<<<<5,9485 Buhler Drive,Female
P<Feil<Carmelo<<<<<<<<<<<<<<<<<<<<564IGGB725NUQ1VPZ<<<<<<<<<<5,213 Lake View Way,Female
P<Cassin<<Cecil<<<<<<<<<<<<<<<<<<<<<<<<52GAQV0HC550W2L<<<<<<<<<<<19,969 Kings Alley,Female
P<Breitenberg<Melia<<<<<<<<<<<<<<<<<<<<1818QWW62X2L56Z<<<<<<<<<<<<<<1,58458 Artisan Pass,Male
P<Gleichner<Obdulia<<<<<<<<<<<<<<<<<<<<1A3I5J43L6W2C047E<<<<<<<<<<<<6,3 Luster Street,Male
P<<Littel<Xavier<<<<<<<<<<<<<<<<<<<<<333I81SQ77XZ0I9G6CU<<<<<<<<<<<<<<7,64 Trailsway Plaza,Female
P<Armstrong<<Davida<<<<<<<<<<<<<<<<<<<<<<<2ONC84K9439H9N379LU<<<<<<<<<<3,263 Lawn Park,Female
P<<Spinka<<Candyce<<<<<<<<<<<<<<<<<<<<<<IT3MOT40513W1H16XWB<<<<<<<<<<<<72,4491 Hermina Point,Male
P<<Kessler<Erwin<<<<<<<<<<<<<<<<<<<<<L8ZT11X8PACHKWOMI3J8<<<<<<<<<<<<<<<28,0 Grim Terrace,Female
P<Farrell<<Darrin<<<<<<<<<<<<<<<<<<<<<<04KT21AYGDM600TMCQW<<<<<<<<<<<<60,2990 Holmberg Drive,Male
P<<Nolan<<Grace<<<<<<<<<<<<<<<<<<<<2D7J113JCXC0YA7MD<<<<<<<<<<<1,69 Elka Circle,Male
P<Barrows<Cliff<<<<<<<<<<<<<<<<<<<<U62U8P5LL8I95D73298B<<<<<<<<<<5,7 Sommers Trail,Male
P<<Leffler<Jim<<<<<<<<<<<<<<<<<<<<<R73PB7651F3S2H11X84<<<<<<<<<<<<2,9 Nancy Hill,Male
P<<Stehr<Herb<<<<<<<<<<<<<<<<<<<<<<<7LLCP4S01IG5U89D<<<<<<<<<<<9,6 Corry Center,Female
P<<Gulgowski<Shirleen<<<<<<<<<<<<<<<<<<<<<8BB65655B2I4O2MK<<<<<<<<<<<<<<62,1670 Dunning Way,Male
P<<Dare<<Ali<<<<<<<<<<<<<<<<<<<<<<68OX188VS574UQASG<<<<<<<<<<<<<4,8 New Castle Street,Female
P<<Hilpert<Micheal<<<<<<<<<<<<<<<<<<<<<YH72BEY8HI4200JP8V<<<<<<<<<<<<<<0,860 Emmet Drive,Male
P<<Schultz<Lee<<<<<<<<<<<<<<<<<<<<<<<TVIXV029LX1DMSS12<<<<<<<<<<<<<<<31,81820 Bobwhite Junction,Female
P<<Hahn<<Emely<<<<<<<<<<<<<<<<<<<<<<<L9Z83Q0X0F4TH4G8O<<<<<<<<<<<<<55,10037 Forest Point,Male
P<Murray<<Evan<<<<<<<<<<<<<<<<<<<<<08CL6S529FQUC4XZY9M<<<<<<<<<<<<1,86765 Schmedeman Trail,Male
P<Schimmel<<Vincenzo<<<<<<<<<<<<<<<<<<<<<<<<<JOVUQIF7RNXMDQB2<<<<<<<<<<<38,0674 Welch Pass,Male
P<<Hartmann<Audrey<<<<<<<<<<<<<<<<<<<<<<WZZ113JA571440RTR2<<<<<<<<<<<<<72,941 Shelley Plaza,Female
P<Smitham<Leandra<<<<<<<<<<<<<<<<<<<<<<<<9AL5VNF4G38819E976<<<<<<<<<<<5,50690 Harper Parkway,Male
P<O'Kon<Viki<<<<<<<<<<<<<<<<<<<<<<<<<WV14922PB6Q9D020O<<<<<<<<<<<0,20 Armistice Trail,Female
P<Mohr<<Emmitt<<<<<<<<<<<<<<<<<<<<<<<<<S78936AS8833NXNN0B<<<<<<<<<<<<8,68883 Eliot Lane,Female
P<<Yundt<<Willard<<<<<<<<<<<<<<<<<<<<<7K0E14156284HPEI3S<<<<<<<<<<<<<23,47870 Darwin Hill,Male
P<Walsh<<Nadia<<<<<<<<<<<<<<<<<<<<<S49UQ1BGSF78ZDXU386J<<<<<<<<<<<<50,574 Sunnyside Road,Male
P<<Lowe<<Holley<<<<<<<<<<<<<<<<<<<<<<<<T4SS7F2K0U20IP3E<<<<<<<<<<<<<<72,29 Dapin Road,Male
P<Batz<<Zana<<<<<<<<<<<<<<<<<<<<<074584I8OPM2R5610<<<<<<<<<<<<<<53,30806 Petterle Center,Male
P<Gottlieb<Roselyn<<<<<<<<<<<<<<<<<<<<<<<<<TSLOFH3BY8UJHYWURY1<<<<<<<<<<<<<<<5,05 Dapin Park,Female
P<<Renner<<Hollie<<<<<<<<<<<<<<<<<<<<<<<<12452Y7I17LEJD4WOQO<<<<<<<<<<<<<0,2 Logan Junction,Female
P<<Harris<<Alethia<<<<<<<<<<<<<<<<<<<<<<<<79K62NESIY70OYL938J<<<<<<<<<<<<<<30,3 Walton Pass,Male
P<Hickle<Jeana<<<<<<<<<<<<<<<<<<<<831N0BVGYHSIZ5947614<<<<<<<<<<<<3,057 Iowa Parkway,Male
P<Haley<<Ryan<<<<<<<<<<<<<<<<<<<<A6P333H7AX0F0Z7<<<<<<<<<<50,16483 Acker Lane,Female
P<<McCullough<<Oralee<<<<<<<<<<<<<<<<<<<<AHA8Z5NA21U9F5RE<<<<<<<<<<4,96029 Manufacturers Hill,Female
P<Rath<Maximo<<<<<<<<<<<<<<<<<<<<29I88QZ339A4T8VL593<<<<<<<<<<<<<<<5,11 Oakridge Way,Female
P<<Wyman<<Karima<<<<<<<<<<<<<<<<<<<<<<<<<37VDLHB40EB87B05<<<<<<<<<<<<<<<8,762 Anderson Terrace,Female
P<Herman<<Lasonya<<<<<<<<<<<<<<<<<<<<<<<<01RV75V6726477X4NODQ<<<<<<<<<<<<<87,79 Graceland Lane,Female
P<<Padberg<<Ella<<<<<<<<<<<<<<<<<<<<<42X0J81V79Z84HW83<<<<<<<<<<<<<<<6,3 Gina Road,Male
P<Howell<Brittanie<<<<<<<<<<<<<<<<<<<<6GQO7PKVL705FQ5<<<<<<<<<<<<<3,905 Fieldstone Court,Female
P<<Kulas<<Tennille<<<<<<<<<<<<<<<<<<<<<<<<<J2Y3N979RYO475X<<<<<<<<<<<<<<<4,50914 Darwin Terrace,Female
P<<Klein<Kelli<<<<<<<<<<<<<<<<<<<<<<<<<5E1XV9284B7EM22U<<<<<<<<<<<12,22 Duke Plaza,Female
P<Hilll<Tegan<<<<<<<<<<<<<<<<<<<<<<<I12YH0GGBXZ9PZ7I<<<<<<<<<<<7,8 Maywood Drive,Female
P<Kunze<<Loyd<<<<<<<<<<<<<<<<<<<<<EUX7A53583670206SRU<<<<<<<<<<8,51 Roth Avenue,Female
P<Maggio<Audrea<<<<<<<<<<<<<<<<<<<<I11389O0AU981A6<<<<<<<<<<<<<2,7021 Spaight Lane,Male
P<Schroeder<Carlee<<<<<<<<<<<<<<<<<<<<<<<<IRAHJTN2QK60PNC<<<<<<<<<<<<<55,522 Pepper Wood Plaza,Male
P<Sauer<Twanna<<<<<<<<<<<<<<<<<<<<<<<<<DQLI81R4U018U81QUL<<<<<<<<<<<<<<1,16 Sherman Terrace,Male
P<<Little<<Emilie<<<<<<<<<<<<<<<<<<<<GY7K2RS314552636<<<<<<<<<<4,22 5th Street,Female
P<Schmidt<<Althea<<<<<<<<<<<<<<<<<<<<<<X7958A76C03X3H5<<<<<<<<<<<<<<61,8389 Loftsgordon Parkway,Female
P<<Berge<Lizzie<<<<<<<<<<<<<<<<<<<<<7042194OBU76HYA9Z2Q<<<<<<<<<<9,857 Prairie Rose Drive,Male
P<Kulas<<Gil<<<<<<<<<<<<<<<<<<<<<<<<94JDCPKGNM9KN7PQ1<<<<<<<<<<<<<90,90 Sycamore Crossing,Male
P<Stracke<<Alma<<<<<<<<<<<<<<<<<<<<<00U67N82OA83G93<<<<<<<<<<<<<<<61,93776 Buena Vista Hill,Female
P<Jacobi<Barrett<<<<<<<<<<<<<<<<<<<<L1PK8PXE88R242S<<<<<<<<<<<<<30,231 Loomis Drive,Female
P<<Rodriguez<Luis<<<<<<<<<<<<<<<<<<<<<<<<F9870EZAXNE85LT<<<<<<<<<<<3,762 Mcbride Drive,Male
P<<Wilderman<<Crystle<<<<<<<<<<<<<<<<<<<<<59669XQ95B661M88P5<<<<<<<<<<<<<<82,88267 Rutledge Junction,Male
P<<Hegmann<<Pamila<<<<<<<<<<<<<<<<<<<<<<<<<S3XXQCS88SM876F<<<<<<<<<<<<<5,5823 Anzinger Point,Male
P<<Kub<<Jan<<<<<<<<<<<<<<<<<<<<<<YR53N5E79HWA288X<<<<<<<<<<<<<2,63104 Buhler Place,Male
P<<Stiedemann<<Kristopher<<<<<<<<<<<<<<<<<<<<<N19S359P21477QIF<<<<<<<<<<<<<0,2 Melody Pass,Male
P<<Stracke<Ernesto<<<<<<<<<<<<<<<<<<<<<<3TN8C058G6Q9BNN87522<<<<<<<<<<<76,9 Jay Way,Female
P<<Skiles<Drew<<<<<<<<<<<<<<<<<<<<<<<JT3SQTFZ2D1501OH<<<<<<<<<<07,32 Carpenter Hill,Female
P<<Leffler<Denis<<<<<<<<<<<<<<<<<<<<<<<4460I6856EIQ647D<<<<<<<<<<<<7,84 Pleasure Road,Female
P<<Rippin<<Elidia<<<<<<<<<<<<<<<<<<<<<<<<<7OYB4A08J27LZ9YZ100<<<<<<<<<<<<<5,8581 West Terrace,Female
P<<Mohr<Edward<<<<<<<<<<<<<<<<<<<<I86KT348UVG6AN2P<<<<<<<<<<<1,74 Derek Plaza,Female
P<<Ferry<Zack<<<<<<<<<<<<<<<<<<<<<<<<SX6H387898E16Z79418<<<<<<<<<<<<<<<46,27 Melody Street,Female
P<Champlin<Bruno<<<<<<<<<<<<<<<<<<<<<<<<70T9OZFVE6EDJ2910L<<<<<<<<<<<<<1,7310 Maryland Center,Female
P<Reinger<<Kyle<<<<<<<<<<<<<<<<<<<<<<8Z8086L4477ZJSV50JT<<<<<<<<<<<<2,876 Pepper Wood Way,Female
P<Brekke<<Conrad<<<<<<<<<<<<<<<<<<<<<<<<BNU8G50FH7J74U1<<<<<<<<<<<<<<<0,04760 Cherokee Place,Male
P<<Quitzon<<Derek<<<<<<<<<<<<<<<<<<<<<<<<20B4EO5001ZKU1G1KX<<<<<<<<<<<<<<<5,040 Westerfield Crossing,Female
P<Kirlin<<Catherin<<<<<<<<<<<<<<<<<<<<Z9AB3J5AR28B50R57<<<<<<<<<<<<<<9,72857 Portage Pass,Female
P<<Will<<Delicia<<<<<<<<<<<<<<<<<<<<928LGW1K8MIH4N76J<<<<<<<<<<<<<<<6,981 Thompson Park,Female
P<Schamberger<<Michal<<<<<<<<<<<<<<<<<<<<<<<2O8B2A8L95IS297URYK8<<<<<<<<<<5,75 Summer Ridge Lane,Male
P<<O'Connell<<Yer<<<<<<<<<<<<<<<<<<<<<F0QJNTPSN5VQFSNNEB<<<<<<<<<<00,4683 Acker Lane,Male
P<Konopelski<<Adella<<<<<<<<<<<<<<<<<<<<<<<7V8KA38HHF74A551LSS4<<<<<<<<<<<<<<<9,2 Lerdahl Terrace,Female
P<Schowalter<<Sergio<<<<<<<<<<<<<<<<<<<<<<XX019I5N77IQ7E5A<<<<<<<<<<<7,0 Steensland Point,Female
P<Kautzer<<Emerson<<<<<<<<<<<<<<<<<<<<<MNCNVJF50QA5T47R<<<<<<<<<<83,99 Glacier Hill Street,Female
P<Lakin<<Kristopher<<<<<<<<<<<<<<<<<<<<ZZSZJ92UJ29F0NFY7XLQ<<<<<<<<<<<<<3,11355 Sunbrook Road,Female
P<<Hodkiewicz<Hugo<<<<<<<<<<<<<<<<<<<<<<73TL54NI731H57R665C<<<<<<<<<<<<<<53,61 Transport Street,Male
P<<Huels<<Johnny<<<<<<<<<<<<<<<<<<<<<<<<<29B09MI1KF10IA17S5B<<<<<<<<<<0,50931 Corscot Junction,Female
P<Hammes<Thaddeus<<<<<<<<<<<<<<<<<<<<<00CFYCYQ1H1Q71LGC<<<<<<<<<<<<76,33148 Fordem Pass,Female
P<Schamberger<<Torie<<<<<<<<<<<<<<<<<<<<<<<<<O0H4326NFQGD1Q681<<<<<<<<<<<<<<6,94307 Florence Street,Female
P<Ullrich<<Lyle<<<<<<<<<<<<<<<<<<<<<<<<<2187T5C61N64CL7H<<<<<<<<<<<28,38196 Amoth Crossing,Male
P<<Klein<Henrietta<<<<<<<<<<<<<<<<<<<<<F38O0LAQUB93CA2<<<<<<<<<<4,458 Buhler Junction,Female
P<Boehm<<Christinia<<<<<<<<<<<<<<<<<<<<<<<<4W289W82Q521SX45Z<<<<<<<<<<<<0,030 Mallory Center,Male
P<Stoltenberg<Rufus<<<<<<<<<<<<<<<<<<<<<<1LA6G5XN31878YENA<<<<<<<<<<<5,8298 Derek Hill,Male
P<Thiel<<Leoma<<<<<<<<<<<<<<<<<<<<<<<0D7H8LVRSYB7C7419<<<<<<<<<<<<<<3,08215 Harper Point,Female
P<Botsford<Josephina<<<<<<<<<<<<<<<<<<<<2Y8VM2Z40L6U25G88XT<<<<<<<<<<<69,279 7th Crossing,Male
P<Hagenes<Melanie<<<<<<<<<<<<<<<<<<<<<<<<<C4Z76P7F42Y4F79<<<<<<<<<<<<<<6,22464 Declaration Hill,Female
P<<Dickens<<Kevin<<<<<<<<<<<<<<<<<<<<<<GF58Z18EB1DOOPM7N4V<<<<<<<<<<<<<75,518 Sutteridge Trail,Female
P<<Nicolas<<Alvin<<<<<<<<<<<<<<<<<<<<651PO36HWPORTTIPQ<<<<<<<<<<<31,19650 Delaware Pass,Male
P<Wisoky<<Elaina<<<<<<<<<<<<<<<<<<<<<<<5P98J21JKCZJ783YT9O6<<<<<<<<<<6,7 Spaight Lane,Male
P<Fahey<<Yon<<<<<<<<<<<<<<<<<<<<<<<<4PPT96MNUY053IW<<<<<<<<<<<3,764 Shelley Alley,Male
P<<Corkery<Jayme<<<<<<<<<<<<<<<<<<<<<<OM44NG9JE97KV2I<<<<<<<<<<8,28769 Harbort Place,Female
P<<Moen<<Zachery<<<<<<<<<<<<<<<<<<<<3D8TUTP1DJZV3PDZ<<<<<<<<<<<<<0,0 Bultman Road,Male
P<Marvin<<Jordon<<<<<<<<<<<<<<<<<<<<<0ZBJ6KJ71922BOA3<<<<<<<<<<<<<<9,9200 Ridge Oak Way,Male
P<Thiel<<Trenton<<<<<<<<<<<<<<<<<<<<<<<<YYMH8Y887VB3K3YN<<<<<<<<<<<<<<93,3 Hintze Park,Female
P<<Douglas<Travis<<<<<<<<<<<<<<<<<<<<<<<<<G98F5281CL49SWH8<<<<<<<<<<5,608 Wayridge Plaza,Male
P<<Wyman<<Tristan<<<<<<<<<<<<<<<<<<<<<<<4K00LDM865S6Z6V4<<<<<<<<<<<88,278 Summer Ridge Parkway,Female
P<<Price<Dell<<<<<<<<<<<<<<<<<<<<<<<<<J9BC292TUMWOO3C3<<<<<<<<<<<83,3585 Hansons Way,Female
P<Donnelly<<Melba<<<<<<<<<<<<<<<<<<<<<<SVX9KXHJ8YY5O888S4<<<<<<<<<<<<<<06,3512 Graedel Circle,Female
P<Hodkiewicz<Jake<<<<<<<<<<<<<<<<<<<<<<<<C89I7CV7C5S587B<<<<<<<<<<<<41,348 Farmco Junction,Female
P<Kub<Elton<<<<<<<<<<<<<<<<<<<<<V8XRR9HZC5V7781<<<<<<<<<<<<<<07,347 Brentwood Park,Male
P<<Stiedemann<Agnus<<<<<<<<<<<<<<<<<<<<<Q4A235K936B05SV4<<<<<<<<<<<<<5,32101 Erie Place,Female
P<Crist<<Kathaleen<<<<<<<<<<<<<<<<<<<<<<<6J955F07Z57R9M0<<<<<<<<<<<6,42 Farwell Center,Female
P<<Mosciski<Andria<<<<<<<<<<<<<<<<<<<<<<<ZHSCEWW8LOGMT72G<<<<<<<<<<<<<0,876 Derek Plaza,Male
P<Windler<<Jadwiga<<<<<<<<<<<<<<<<<<<<<<JPR2L3H558F8T51L<<<<<<<<<<<<3,817 Crownhardt Avenue,Female
P<Price<Cornell<<<<<<<<<<<<<<<<<<<<43FX6W402JZV0UP<<<<<<<<<<<3,8388 Hoffman Avenue,Male
P<<Wintheiser<Alexis<<<<<<<<<<<<<<<<<<<<3OA253Y725X3US1O7<<<<<<<<<<<4,67344 Arapahoe Trail,Female
P<Hansen<<Verlie<<<<<<<<<<<<<<<<<<<<<<<0DL6J30523XH3C2<<<<<<<<<<<<11,5607 Blue Bill Park Avenue,Male
P<Gulgowski<Darnell<<<<<<<<<<<<<<<<<<<<<9L52EEQF874R5R5DLN<<<<<<<<<<61,60 Fallview Road,Female
P<<Ullrich<<Gerda<<<<<<<<<<<<<<<<<<<<<<<9SM28X67A4DOD8HQ7M4<<<<<<<<<<<<7,75 Fordem Court,Male
P<Gottlieb<<Jesus<<<<<<<<<<<<<<<<<<<<<<<EDSY084YZAHC9JUR8E80<<<<<<<<<<<<<63,15079 Evergreen Road,Male
P<<Boyle<Leroy<<<<<<<<<<<<<<<<<<<<<<<<9MQ4U457YN4DW3I5Z7<<<<<<<<<<<<<2,2374 Oneill Pass,Male
P<<Emmerich<Sharita<<<<<<<<<<<<<<<<<<<<<<<<7T389EFJO034042<<<<<<<<<<<<44,65883 Grover Terrace,Male
P<Kuhic<<Fiona<<<<<<<<<<<<<<<<<<<<8YTEE5SQ89P63P9<<<<<<<<<<<<<<27,59 Hazelcrest Drive,Female
P<<Kihn<Shon<<<<<<<<<<<<<<<<<<<<<<<<OVM49EG7H3UHS31FD9J<<<<<<<<<<0,52 Merry Drive,Male
P<<Russel<Alita<<<<<<<<<<<<<<<<<<<<<<O371VTVZA417N99VCGPH<<<<<<<<<<<<7,2005 Loomis Avenue,Female
P<Stehr<<Wilber<<<<<<<<<<<<<<<<<<<<<<<<QP4R2024TM62N0TT<<<<<<<<<<<<<<<8,8610 Pine View Way,Male
P<Schulist<<Ramiro<<<<<<<<<<<<<<<<<<<<<W56DHD1606I31ZI5793<<<<<<<<<<72,896 Transport Terrace,Female
P<Spencer<<Charleen<<<<<<<<<<<<<<<<<<<<<<<<<P2479FYP4AEOV5Z7<<<<<<<<<<4,98 Crest Line Park,Male
P<Mohr<Louie<<<<<<<<<<<<<<<<<<<<<<9UYTX44A9S076S4<<<<<<<<<<<<<<14,80 Prairie Rose Terrace,Male
P<<Conn<<Dominick<<<<<<<<<<<<<<<<<<<<<<<<<Z1D24022S332TZR4F<<<<<<<<<<<<<0,171 Amoth Junction,Male
P<<Cole<<Marry<<<<<<<<<<<<<<<<<<<<<<AZSF6I19436F6KE<<<<<<<<<<<77,0 Sheridan Point,Female
P<Flatley<<Foster<<<<<<<<<<<<<<<<<<<<<<<<<A0934R7L4Y3FZ4U0N42<<<<<<<<<<<<<<<42,2881 Ruskin Junction,Male
P<<Larson<<Pansy<<<<<<<<<<<<<<<<<<<<<<<<<RX3S38WBI67WFF9<<<<<<<<<<<<<82,1257 Tony Avenue,Female
P<Roberts<<Vernia<<<<<<<<<<<<<<<<<<<<<<<WGP5P1CMEB36181CPIF2<<<<<<<<<<7,47931 Carpenter Hill,Male
P<Gaylord<<Gretta<<<<<<<<<<<<<<<<<<<<<<510LJSQUB83TB9P3ZL<<<<<<<<<<<1,7633 Luster Avenue,Male
P<Schmeler<Randolph<<<<<<<<<<<<<<<<<<<<<<57E541R4945X6ZJ7<<<<<<<<<<<<<<<5,1881 Waxwing Avenue,Female
P<Hamill<Damion<<<<<<<<<<<<<<<<<<<<<<<<<R93038482967DO8I936<<<<<<<<<<<<<<0,7440 Moose Avenue,Male
P<<Hickle<<Kymberly<<<<<<<<<<<<<<<<<<<<<<<<7VFL22NI6S83OI0E7<<<<<<<<<<<<<<9,5 Hintze Pass,Female
P<<Schowalter<<Tianna<<<<<<<<<<<<<<<<<<<<0W17368EJMX6DHQH7<<<<<<<<<<<<<<<00,9147 Spenser Pass,Female
P<<O'Conner<Wilford<<<<<<<<<<<<<<<<<<<<<E27336ZWT48Q258VHS<<<<<<<<<<<<<<<29,3 Ronald Regan Terrace,Male
P<Greenholt<<Dexter<<<<<<<<<<<<<<<<<<<<<<<<<319L3U4248847C66ADG7<<<<<<<<<<<<96,3 Arkansas Crossing,Male
P<<Hauck<<Judith<<<<<<<<<<<<<<<<<<<<<163MGY010Y9173L<<<<<<<<<<<<<0,510 Kinsman Hill,Female
P<<Mertz<<Kasey<<<<<<<<<<<<<<<<<<<<<<<<<YB92H9AJH6J79M5<<<<<<<<<<<<<07,3006 Granby Lane,Female
P<Kessler<<Brett<<<<<<<<<<<<<<<<<<<<<V56V1144P15RLV7OB<<<<<<<<<<3,06 Caliangt Hill,Male
P<<Effertz<Marry<<<<<<<<<<<<<<<<<<<<<3M3SCSBGL1Y9YNN2O6<<<<<<<<<<28,45293 Shoshone Street,Female
P<Jacobs<<Maryanna<<<<<<<<<<<<<<<<<<<<<<<R740109F55225NJ3G3N1<<<<<<<<<<<<9,5796 Gina Point,Male
P<<Brakus<Vicky<<<<<<<<<<<<<<<<<<<<<<U95LM5L2KZ413952<<<<<<<<<<<<<<7,8633 Brickson Park Lane,Female
P<<Lesch<Shaina<<<<<<<<<<<<<<<<<<<<<<<<64917EA6H8ZY806<<<<<<<<<<<<<1,0 Petterle Pass,Female
P<Koss<Lucio<<<<<<<<<<<<<<<<<<<<<<<<<8303629509LC71H9<<<<<<<<<<<<<5,52 Summer Ridge Terrace,Female
P<<Baumbach<<Jeromy<<<<<<<<<<<<<<<<<<<<<2M8C171W019ND3X5<<<<<<<<<<<<<<<0,14 Thompson Plaza,Male
P<<Wuckert<<Lorri<<<<<<<<<<<<<<<<<<<<<<<<<9X5P672UJT3B35104H<<<<<<<<<<<<0,26288 Thierer Court,Male
P<Schuppe<Jamika<<<<<<<<<<<<<<<<<<<<<<<<<E7R9764D7XQ5UEE74P<<<<<<<<<<<<<3,65062 Crowley Alley,Male
P<Lakin<Sandra<<<<<<<<<<<<<<<<<<<<<<26230DHRQ00T98FB92W<<<<<<<<<<<<<3,9 Clemons Way,Female
P<<Lebsack<<Tenisha<<<<<<<<<<<<<<<<<<<<<<<<74IIG27R195D0G4W1614<<<<<<<<<<1,155 Coolidge Court,Male
P<Upton<<Antone<<<<<<<<<<<<<<<<<<<<<<<C97DRTXGWD08Q1U74D10<<<<<<<<<<<<<<<7,83 Oakridge Way,Male
P<<Reynolds<<Marquis<<<<<<<<<<<<<<<<<<<<<<<<<EVW1T34TLIMVR77QR2<<<<<<<<<<<55,6 Kropf Street,Male
P<Hermann<Leonard<<<<<<<<<<<<<<<<<<<<<<<<<S124IF293839393NRY<<<<<<<<<<<<<8,423 Fairfield Park,Female
P<Farrell<<Francene<<<<<<<<<<<<<<<<<<<<<32FP6EOH59855171<<<<<<<<<<<<<<<0,417 Union Road,Female
P<Gulgowski<Thurman<<<<<<<<<<<<<<<<<<<<<<75K349KX1GBEXN5O<<<<<<<<<<<<4,7339 Canary Point,Male
P<<Herzog<Iesha<<<<<<<<<<<<<<<<<<<<<<<PR6310E61B34HJNOR<<<<<<<<<<<90,61365 Eastwood Circle,Female
P<<Wunsch<<Bulah<<<<<<<<<<<<<<<<<<<<GX1F20ZSW8G8833LOA2I<<<<<<<<<<<<<6,7 Graedel Center,Female
P<Kunze<Bryon<<<<<<<<<<<<<<<<<<<<<<GFUJJXC805FWV701RS5P<<<<<<<<<<38,9 Wayridge Court,Male
P<<Gleichner<Erwin<<<<<<<<<<<<<<<<<<<<<<<7ON23S61770Z69X04<<<<<<<<<<<<<45,8 Cody Pass,Male
P<<O'Reilly<<Delois<<<<<<<<<<<<<<<<<<<<<<KII782O9532TH87<<<<<<<<<<<<8,4988 Toban Avenue,Male
P<Tromp<Frankie<<<<<<<<<<<<<<<<<<<<<<<0W04Z2U28AEFR068663A<<<<<<<<<<<<<3,6137 Texas Way,Male
P<<Oberbrunner<<Marquis<<<<<<<<<<<<<<<<<<<<VLKV6E8K2V5C1MSF66<<<<<<<<<<<<38,1 Veith Point,Male
P<<Larkin<Colin<<<<<<<<<<<<<<<<<<<<<<<KOQ0LONWR4MZ7A77H538<<<<<<<<<<<<<39,4000 Holmberg Center,Female
P<Fadel<<Barry<<<<<<<<<<<<<<<<<<<<<YW4462RQ5ZK4X7HD965<<<<<<<<<<<<<<6,772 Mitchell Circle,Female
P<Schiller<Shantell<<<<<<<<<<<<<<<<<<<<<<<D475L8WD1CTV3DQSUL<<<<<<<<<<<<<<<63,44 Forster Circle,Male
P<Schinner<<Mohammad<<<<<<<<<<<<<<<<<<<<<<<<P602BY8L57U528Z<<<<<<<<<<<<<5,6975 Maple Way,Female
P<<Grady<<Marhta<<<<<<<<<<<<<<<<<<<<<<7XOOA4RNSZA231H5C6N<<<<<<<<<<<<<3,4610 Lindbergh Junction,Male
P<Lubowitz<<Kathi<<<<<<<<<<<<<<<<<<<<<<<295J8ABZ61K7DT3<<<<<<<<<<65,8 Maryland Court,Female
P<Veum<<Darin<<<<<<<<<<<<<<<<<<<<<<<L2KT8144138J3A7<<<<<<<<<<<<67,28 Farwell Parkway,Female
P<<Boyle<Dusty<<<<<<<<<<<<<<<<<<<<<<<W37Q503LQJO66AHM<<<<<<<<<<<<9,89353 Ridgeview Plaza,Female
P<Tremblay<<Lani<<<<<<<<<<<<<<<<<<<<<<Y4K2L058DWJ3401<<<<<<<<<<<<<81,7 Crescent Oaks Point,Male
P<Feeney<Neal<<<<<<<<<<<<<<<<<<<<P19CTC9ZB3GW297BCZ<<<<<<<<<<<<<<<9,11 Maryland Lane,Male
P<<Herman<<Houston<<<<<<<<<<<<<<<<<<<<<4SKGO6Q38919H203BAU<<<<<<<<<<<0,826 Garrison Circle,Male
P<<Hauck<<Tova<<<<<<<<<<<<<<<<<<<<<<<522245LA9949AV72E68<<<<<<<<<<<<<<00,71 Amoth Trail,Male
P<<Block<<Hilaria<<<<<<<<<<<<<<<<<<<<<<<<UBJCF8N9F75MS1H<<<<<<<<<<<<50,0764 Hazelcrest Circle,Male
P<<Schuster<Franklin<<<<<<<<<<<<<<<<<<<<<<N0H0M4752392J86UF<<<<<<<<<<<<<<<22,82184 Cody Terrace,Female
P<Stanton<Brandi<<<<<<<<<<<<<<<<<<<<<C6977IA48MTA4AECVPGU<<<<<<<<<<<<<<03,85966 Welch Crossing,Male
P<Hane<Alfonzo<<<<<<<<<<<<<<<<<<<<<GDGAA79PJ607GGHR7E<<<<<<<<<<<64,125 Larry Court,Female
P<<Larson<Broderick<<<<<<<<<<<<<<<<<<<<<<<T56SJZZ058X74QQ52<<<<<<<<<<<24,49574 Mallard Drive,Female
P<Huel<<Wilford<<<<<<<<<<<<<<<<<<<<<<2RXNAD27IS8L1R75CBCW<<<<<<<<<<<<5,93550 Onsgard Place,Female
P<<Sawayn<<Danae<<<<<<<<<<<<<<<<<<<<<<MCY23I0LTO2QTR31<<<<<<<<<<0,9256 Tennyson Hill,Female
P<<Erdman<<Florencia<<<<<<<<<<<<<<<<<<<<<4S2H8L5I51KQ1G6SEXQT<<<<<<<<<<<<4,46 Mariners Cove Terrace,Male
P<<Borer<Delores<<<<<<<<<<<<<<<<<<<<2X8EO067B9S38L41C<<<<<<<<<<<7,6388 Monument Road,Male
P<<Lubowitz<<Joaquin<<<<<<<<<<<<<<<<<<<<<<<<9953293HD0U5JMH<<<<<<<<<<<<<<88,78549 Lake View Center,Male
P<Trantow<<Verla<<<<<<<<<<<<<<<<<<<<<<792WP8L1JBT10P53AL<<<<<<<<<<<01,5 Dawn Crossing,Female
P<Blick<Misha<<<<<<<<<<<<<<<<<<<<<<<<<3VGR8R650388II5952<<<<<<<<<<<<<<2,9796 Mendota Terrace,Male
P<Hammes<<Cody<<<<<<<<<<<<<<<<<<<<<<<10QV0H702432AO44<<<<<<<<<<<<<25,02 Caliangt Road,Male
P<Kshlerin<Doyle<<<<<<<<<<<<<<<<<<<<<<<<55453Z2MCMFW9K0Q50<<<<<<<<<<<15,22008 Schlimgen Center,Female
P<<Bergnaum<<Hank<<<<<<<<<<<<<<<<<<<<<<87506F6B475FB85F<<<<<<<<<<<<53,8 Granby Park,Female
P<Johnson<Ellsworth<<<<<<<<<<<<<<<<<<<<<<33W553X1D31HSV4ZMJZY<<<<<<<<<<<<<7,66594 Kinsman Road,Female
P<Bednar<Brain<<<<<<<<<<<<<<<<<<<<<XT67CI8C8L86W355Y5<<<<<<<<<<<<<0,5 Golden Leaf Way,Female
P<<Simonis<Lorriane<<<<<<<<<<<<<<<<<<<<<<<<<Y1BONDPOZW29609<<<<<<<<<<0,4106 Bonner Pass,Female
P<<Wisoky<<Tameika<<<<<<<<<<<<<<<<<<<<<<<73I59R2IAVW239801<<<<<<<<<<<<<90,6365 Loomis Crossing,Male
P<Gerhold<<Kendall<<<<<<<<<<<<<<<<<<<<<<<<90I8EJ08028O4J1<<<<<<<<<<<23,0521 Briar Crest Trail,Female
P<<Oberbrunner<<Javier<<<<<<<<<<<<<<<<<<<<<1398L6Q093491A4T<<<<<<<<<<<<67,00 Darwin Terrace,Female
P<<Schaefer<Merle<<<<<<<<<<<<<<<<<<<<<<<<6JSNW1165KN17R2HK6<<<<<<<<<<<<72,3 Blaine Circle,Male
P<<Reinger<Williams<<<<<<<<<<<<<<<<<<<<7RP92HAE49O9KR23PE39<<<<<<<<<<<<95,16 Grover Center,Male
P<O'Hara<Leonia<<<<<<<<<<<<<<<<<<<<<<<9V2RC4WB084EJ7G<<<<<<<<<<34,8568 Sutteridge Court,Female
P<<Botsford<<Meredith<<<<<<<<<<<<<<<<<<<<<<531829H30FX308TD1CD<<<<<<<<<<<<<<0,484 Arapahoe Way,Female
P<<Kozey<Deon<<<<<<<<<<<<<<<<<<<<<E76I7R6N65ZXY91PU<<<<<<<<<<<<<7,46955 Nelson Road,Female
P<<Smitham<Howard<<<<<<<<<<<<<<<<<<<<<<<<<M4LB31Z5OZ98Z03<<<<<<<<<<<1,14 Morrow Hill,Male
P<<Smith<<Irwin<<<<<<<<<<<<<<<<<<<<<<<<0XQZ58O1XR86X6EA7JRX<<<<<<<<<<<8,85901 Saint Paul Pass,Female
P<Runolfsson<<Garland<<<<<<<<<<<<<<<<<<<<<PRTTO07766IJ8L2S7UG<<<<<<<<<<<<<48,80754 Schurz Junction,Female
P<<Mueller<<Coralie<<<<<<<<<<<<<<<<<<<<K09WC96Q78O7L7PC5U<<<<<<<<<<<<5,65074 Golf Course Junction,Male
P<<Crist<Sina<<<<<<<<<<<<<<<<<<<<<<<<<KA68L84AQ83JE32R03J<<<<<<<<<<<<<82,04 Reinke Point,Female
P<Heaney<Zana<<<<<<<<<<<<<<<<<<<<<SVB4H2Y4V214PR165<<<<<<<<<<<<6,4 Almo Center,Female
P<<Kozey<<Elza<<<<<<<<<<<<<<<<<<<<<<<AG2FG5J1YNO3MM61T<<<<<<<<<<<<<8,8 Carey Street,Female
P<<Ortiz<<Jamie<<<<<<<<<<<<<<<<<<<<<<<<<9113Q1152B7P67QG<<<<<<<<<<<<<<<53,9158 Scoville Place,Male
P<<Fritsch<Sheldon<<<<<<<<<<<<<<<<<<<<<M3BOR9RM4IMXPC794328<<<<<<<<<<10,984 Eliot Court,Female
P<Koelpin<Rich<<<<<<<<<<<<<<<<<<<<<8I491727JU0A6755<<<<<<<<<<45,2928 Independence Place,Female
P<<Lang<<Glen<<<<<<<<<<<<<<<<<<<<6430BY3DAMEUK54UY<<<<<<<<<<<<17,2513 Weeping Birch Place,Male
P<Schuster<<Marquitta<<<<<<<<<<<<<<<<<<<<<<<<DF165PTZ9Y2323F21X<<<<<<<<<<<<<<<2,7979 Evergreen Lane,Male
P<<Jerde<Ellsworth<<<<<<<<<<<<<<<<<<<<<<<<ZP04C86X44RBTC4EI<<<<<<<<<<<<69,11112 Meadow Vale Pass,Female
P<Pfannerstill<Marshall<<<<<<<<<<<<<<<<<<<<<<<<L9KF3945H66DYCB22L<<<<<<<<<<73,08141 Memorial Court,Female
P<<Waters<<Mamie<<<<<<<<<<<<<<<<<<<<<635173LT042O8JP9S<<<<<<<<<<<<3,4078 Lerdahl Drive,Male
P<Hane<<Hyacinth<<<<<<<<<<<<<<<<<<<<<79236S9E614LH2PZ36<<<<<<<<<<<5,2409 Ridgeway Hill,Male
P<<Parker<<Lila<<<<<<<<<<<<<<<<<<<<F3X4YPHW84920ZV4GX8<<<<<<<<<<<<<7,81140 Maryland Parkway,Female
P<<Lang<Cyrus<<<<<<<<<<<<<<<<<<<<<<<<<0BA0S1C584X42U1QUCP4<<<<<<<<<<5,62 Walton Junction,Female
P<Wilderman<<Dean<<<<<<<<<<<<<<<<<<<<A16Y11037QYD0LRO60W2<<<<<<<<<<<<<<47,22 Mifflin Junction,Female
P<<Lubowitz<<Richard<<<<<<<<<<<<<<<<<<<<<1YVXI7P7CT5E4MM6GUB<<<<<<<<<<<<84,40391 Jana Street,Male
P<Greenholt<Willian<<<<<<<<<<<<<<<<<<<<626OAQF83J0KFHI393CR<<<<<<<<<<<<<<8,88 Pleasure Road,Male
P<Williamson<<Brad<<<<<<<<<<<<<<<<<<<<<<<2C05T1V8I777DFL<<<<<<<<<<5,928 Columbus Street,Male
P<Smith<Otis<<<<<<<<<<<<<<<<<<<<<<<<72M36766FQ15833QD0<<<<<<<<<<<<<1,258 Schmedeman Road,Female
P<<Krajcik<Johnathan<<<<<<<<<<<<<<<<<<<<<<<<7W33K3MLYF6V9LPUJ86<<<<<<<<<<<<<<8,456 Veith Lane,Female
P<<Eichmann<Octavio<<<<<<<<<<<<<<<<<<<<<<<<<Q48R4KI6W98HU8W<<<<<<<<<<<<<<93,8244 Mallard Drive,Male
P<Schaden<Leana<<<<<<<<<<<<<<<<<<<<<<109Q7QR8OAYZ2O4L4J<<<<<<<<<<<<<<88,63316 Canary Hill,Male
P<<Sanford<<Minh<<<<<<<<<<<<<<<<<<<<<<<<9DK22SB4I7J2615S8M25<<<<<<<<<<<<<62,54 Northland Park,Male
P<Funk<<Amparo<<<<<<<<<<<<<<<<<<<<<<<<Y6HSR5VH0QVG73213<<<<<<<<<<53,2921 Sunnyside Hill,Female
P<Greenholt<Lavern<<<<<<<<<<<<<<<<<<<<<<9RWI3WN8T3TN7P6W<<<<<<<<<<<<<09,16 Magdeline Court,Female
P<Bailey<Dewey<<<<<<<<<<<<<<<<<<<<2KBS970V534QGJ7ER<<<<<<<<<<<<06,218 Farmco Hill,Male
P<Bradtke<Deedra<<<<<<<<<<<<<<<<<<<<1B0D4RD9D37HS1LNR<<<<<<<<<<<<<<6,4007 La Follette Crossing,Female
P<<Wuckert<<Dia<<<<<<<<<<<<<<<<<<<<<<<<<NTGW223E9T004IRIR24<<<<<<<<<<<7,01257 Memorial Road,Male
P<<Weimann<<Ramon<<<<<<<<<<<<<<<<<<<<<T411L31Z32Y3N5S<<<<<<<<<<38,915 Dahle Terrace,Female
P<<Hagenes<<Xuan<<<<<<<<<<<<<<<<<<<<<<<75IG086A7B32K2PD2J0R<<<<<<<<<<0,0 Pierstorff Center,Male
P<<Feest<<Mazie<<<<<<<<<<<<<<<<<<<<C6300VO724G8X3S173<<<<<<<<<<8,5404 Mendota Alley,Male
P<<Hettinger<<Chi<<<<<<<<<<<<<<<<<<<<<<<25I7LKMS56T75079C<<<<<<<<<<5,3 Maple Way,Female
P<Murazik<<Amal<<<<<<<<<<<<<<<<<<<<<<<<<01JD0XJ96Q4SYE1Y<<<<<<<<<<<<<<8,04951 Eagle Crest Street,Male
P<Huel<<Krystyna<<<<<<<<<<<<<<<<<<<<4P8965Q93AU5MS14R5XU<<<<<<<<<<<<8,32700 Crescent Oaks Pass,Male
P<<Hartmann<<Micki<<<<<<<<<<<<<<<<<<<<<5AF4I07XIK0UWRAU<<<<<<<<<<65,60 Montana Crossing,Female
P<Wisozk<<Shemeka<<<<<<<<<<<<<<<<<<<<<413UFW805YO5765ZXO<<<<<<<<<<<62,4295 Norway Maple Circle,Female
P<<Mosciski<<Linwood<<<<<<<<<<<<<<<<<<<<<<<<T0X281YY2EW4CE5L0YF<<<<<<<<<<<<<96,48148 Welch Alley,Male
P<Mitchell<<Hobert<<<<<<<<<<<<<<<<<<<<4Y961416ZY5TG19<<<<<<<<<<<<<<<7,99511 Trailsway Center,Male
P<<Schulist<<Loris<<<<<<<<<<<<<<<<<<<<<<<KY5XNYJ9XL21400HBL<<<<<<<<<<<<07,190 Towne Court,Male
P<<Upton<Mickey<<<<<<<<<<<<<<<<<<<<<4H7OW365M50109XXU<<<<<<<<<<<<<<<1,9 Division Parkway,Female
P<Nolan<<Sima<<<<<<<<<<<<<<<<<<<<<LVI120V600SG4Q988<<<<<<<<<<<<<<<3,3 Ridge Oak Plaza,Female
P<<Rempel<Janeen<<<<<<<<<<<<<<<<<<<<<<<873875JP3X0Q9722P36B<<<<<<<<<<<<1,84479 Garrison Crossing,Male
P<<Wilkinson<Audie<<<<<<<<<<<<<<<<<<<<<<<<S65L2W0J4621WCX87704<<<<<<<<<<<<<<8,5832 East Parkway,Male
P<<Lebsack<<Donny<<<<<<<<<<<<<<<<<<<<<DA7VM4M81QMA542076M<<<<<<<<<<<0,1556 Hudson Circle,Male
P<<Kovacek<<Jimmie<<<<<<<<<<<<<<<<<<<<<<5SVJCL79U13A0M2<<<<<<<<<<<9,1745 Prairieview Terrace,Female
P<Kuphal<<Lannie<<<<<<<<<<<<<<<<<<<<<H20JVN5DS28LGIF<<<<<<<<<<<<<<<1,05 Vera Plaza,Male
P<<Altenwerth<<Maynard<<<<<<<<<<<<<<<<<<<<8IJ95AR2FEG0T25<<<<<<<<<<<<2,23 Linden Way,Female
P<Lemke<<Lesha<<<<<<<<<<<<<<<<<<<<<<FSYZWV1X4X7EC68<<<<<<<<<<<7,98288 Rutledge Avenue,Female
P<<Schmidt<<Glennis<<<<<<<<<<<<<<<<<<<<<<<<<7L47FCC17C97G3E<<<<<<<<<<<<<<8,3 Mosinee Point,Male
P<Hintz<<Pilar<<<<<<<<<<<<<<<<<<<<<<<PY892H57SW385P85O915<<<<<<<<<<7,3 Steensland Avenue,Female
P<Ritchie<<Lewis<<<<<<<<<<<<<<<<<<<<<8539ANJE1GUU9PRC8<<<<<<<<<<<<<4,871 Coleman Hill,Male
P<Hills<<Lanny<<<<<<<<<<<<<<<<<<<<<<<<<D7A8IK2757777POWX90<<<<<<<<<<2,15 Milwaukee Drive,Male
P<Rippin<<Jordan<<<<<<<<<<<<<<<<<<<<<<4V73KYH4PQBI604X4<<<<<<<<<<<<<<<89,0607 Hudson Terrace,Female
P<Littel<<Jerilyn<<<<<<<<<<<<<<<<<<<<<<F410E61Z81RCBU74387<<<<<<<<<<<<<<9,136 Crowley Road,Female
P<Aufderhar<Eilene<<<<<<<<<<<<<<<<<<<<<<<<P4LXTN26W4L1AAE700<<<<<<<<<<<<5,21084 Starling Place,Female
P<<Langworth<<Sheba<<<<<<<<<<<<<<<<<<<<<<CZU8HCX61C6H02R5E9F<<<<<<<<<<<<<2,23 Towne Court,Female
P<Boehm<<Domingo<<<<<<<<<<<<<<<<<<<<<<<<LG9C4WNY76336HI<<<<<<<<<<<<<<<41,98 Arkansas Court,Male
P<Veum<<Brandon<<<<<<<<<<<<<<<<<<<<2EPRK7JBAHQ5RZL<<<<<<<<<<<<<04,2 Marcy Junction,Male
P<Gleason<<Scott<<<<<<<<<<<<<<<<<<<<760DSF9H4P4C287R97RC<<<<<<<<<<<<<<<54,6218 Anhalt Center,Male
P<Waelchi<Rolf<<<<<<<<<<<<<<<<<<<<<<<371O50093M5195STU17<<<<<<<<<<<52,0 Grim Avenue,Male
P<Macejkovic<Allie<<<<<<<<<<<<<<<<<<<<<<<C0G81G0ECQUSCQ4QU<<<<<<<<<<<96,9808 Bellgrove Alley,Male
P<Kihn<Charla<<<<<<<<<<<<<<<<<<<<<<RZ8D75YJ5XZ5AGS62M<<<<<<<<<<<<<<17,72070 Gale Drive,Female
P<<Labadie<Gus<<<<<<<<<<<<<<<<<<<<3FH07L5MI9162WFH<<<<<<<<<<<<<60,0 Ridgeview Court,Female
P<Wyman<<Freddy<<<<<<<<<<<<<<<<<<<<<1I8LR1Q2W3223LPEG<<<<<<<<<<<<9,16 Holmberg Point,Male
P<<Abshire<Shelton<<<<<<<<<<<<<<<<<<<<<<<36BF4GPXK44476HY<<<<<<<<<<<7,36 Crowley Avenue,Female
P<Schaefer<<Korey<<<<<<<<<<<<<<<<<<<<M304RVE4P4GY34U<<<<<<<<<<<39,43627 Ridgeway Lane,Female
P<Wyman<<Julian<<<<<<<<<<<<<<<<<<<<<<<<R82B85KO2F0708Z25671<<<<<<<<<<<<6,5 Maple Wood Street,Female
P<<Bayer<<Logan<<<<<<<<<<<<<<<<<<<<<<<<<ND480VP8P3QLF6V4C4<<<<<<<<<<57,45649 Elmside Way,Female
P<<Feeney<<Mitch<<<<<<<<<<<<<<<<<<<<<<<N7NV5J19TLID0SU0LDM<<<<<<<<<<<<<44,6693 Holmberg Junction,Male
